rank,symbol,date,close,MA12,MA36,MA50,MA150,MA200,EMA10,52w_low,52w_high,cond1_price_above_150_200,cond2_ma150_above_ma200,cond3_ma200_trending_up_1m,cond4_ma50_above_150_200,cond5_price_above_ma50,cond6_30pct_above_52w_low,cond7_within_25pct_52w_high,cond9_price_above_ema10,fresh_ma12_cross_today,12m_return_pct,volume_signal,relative_volume,bull_snort,inside_bar,is_52w_high,is_52w_low,data_source,industry_group,industry,rs_percentile,cond8_rs_at_least_70,all_conditions_met,total_market_cap_cr,traded_value_cr,traded_volume,traded_val_pct_mc,price_band,rs_score,vcp_score,volume_score,newhigh_score,entry_score,group_score,entry_status,market_state,market_multiplier,minervini_score,grade
1,TALBROAUTO.NS,2026-09-16,418.75,416.8871256510417,415.8991978963216,411.73816284179685,342.24754486083987,324.5049700164795,418.50430773751333,219.71186943973441,450.4093168423085,True,True,True,True,True,True,True,True,False,41.135937762606176,red,108.94735319920177,False,False,False,False,BSE,Auto Components,Auto Components & Equipments,87.52566735112937,True,True,2942.58,14.39,301929.0,0.4891,20,55.8,49.1,84.0,79.9,87.3,48.97959183673469,actionable,confirmed_uptrend,0.9,59.5,B
2,WABAG.NS,2026-09-18,2132.60009765625,2108.1583251953125,2030.633324517144,2031.5872021484374,1677.6781819661458,1564.8940313720702,2113.8669050888884,1030.4859602847353,2319.0,True,True,True,True,True,True,True,True,False,39.41587135498159,noise,77.54524892937765,False,False,False,False,,Other Utilities,Water Supply & Management,86.85831622176592,True,True,13326.95,176.02,825391.0,1.3208,20,59.3,27.1,96.5,77.9,100.0,36.734693877551024,actionable,confirmed_uptrend,0.9,58.1,B
3,MWL.NS,2026-09-18,42.52000045776367,39.56666692097982,40.09583314259847,39.05647964477539,34.38125996907552,32.60665043830872,40.21743240430122,19.98028894668577,48.0,True,True,True,True,True,True,True,True,False,74.26520123566982,ppv,188.57487659692364,False,False,False,False,,Metals & Minerals Trading,Trading - Metals,94.14784394250513,True,True,1262.87,5.64,1326759.0,0.4467,20,56.3,57.1,85.0,71.2,50.0,67.3469387755102,watch — approaching pivot,confirmed_uptrend,0.9,57.7,B
4,MACPOWER.NS,2026-09-18,2104.5,1891.8399454752605,1811.543694390191,1678.7288427734375,1261.6290254720052,1181.3704760742187,1915.2654252289417,760.3935313115157,2149.0,True,True,True,True,True,True,True,True,False,130.78878266263268,ppv,454.5828217645177,True,False,True,False,,Industrial Manufacturing,Industrial Products,97.68993839835728,True,True,2105.38,12.68,60261.0,0.6024,20,84.6,27.1,85.0,95.9,0.0,87.75510204081633,extended,confirmed_uptrend,0.9,56.1,B
5,LMW.NS,2026-09-16,17617.0,18315.25,18099.25,17519.55134765625,15719.989537760417,15499.584340820313,18033.983830258272,11893.875786654997,20151.0,True,True,True,True,True,True,True,False,False,23.08766370782336,green,122.80900329862234,False,False,False,False,,Industrial Manufacturing,Industrial Products,81.00616016427105,True,True,18971.94,9.52,5363.0,0.0502,20,45.7,41.2,72.5,68.8,57.9,87.75510204081633,actionable,confirmed_uptrend,0.9,54.5,C
6,PARAS.NS,2026-09-17,1370.9000244140625,1421.3583374023438,1392.1717766655815,1340.8288720703124,1013.8087137858073,927.2462454223632,1400.9300039642196,580.1009628646058,1583.9105379095645,True,True,True,True,True,True,True,False,False,83.43825790045891,noise,83.67885428105672,False,False,False,False,,Aerospace & Defense,Aerospace & Defense,94.96919917864476,True,True,11062.22,269.45,1962933.0,2.4358,10,78.3,18.8,74.0,67.1,50.0,75.51020408163265,watch — approaching pivot,confirmed_uptrend,0.9,53.7,C
7,PGIL.NS,2026-09-17,1143.0999755859375,1162.558329264323,1157.388888888889,1115.6620007324218,911.1763850911458,880.6742407226562,1163.1436390275844,594.6745299041222,1269.800048828125,True,True,True,True,True,True,True,False,False,70.17142759531066,red,121.4160160749281,False,False,False,False,,Textiles & Apparels,Garments & Apparels,93.53182751540041,True,True,10587.8,39.29,342856.0,0.3711,20,67.2,37.1,77.0,74.0,50.0,55.10204081632652,watch — approaching pivot,confirmed_uptrend,0.9,53.4,C
8,PAISALO.NS,2026-09-18,89.51000213623047,81.64006169637044,73.14076487223308,72.75352920532227,55.60151590983073,50.49768251419067,83.2610037866989,29.963878249866504,92.75,True,True,True,True,True,True,True,True,False,118.23656891652976,ppv,175.83002279756127,False,True,True,False,,Finance,Non Banking Financial Company (NBFC),97.02258726899385,True,True,8182.55,141.3,15786392.0,1.7269,20,69.3,37.1,97.5,93.0,0.0,61.224489795918366,extended,confirmed_uptrend,0.9,53.3,C
9,VOLTAMP.NS,2026-09-16,10513.0,10976.958333333334,10463.583333333334,10143.83234375,9614.761494140625,9098.410437011718,10891.53747765254,6594.353209382375,12724.746990128295,True,True,True,True,True,True,True,False,False,46.57227222985243,noise,59.471744301342554,False,False,False,False,,Electrical Equipment,Heavy Electrical Equipment,88.60369609856262,True,True,11006.41,47.77,43906.0,0.434,20,60.5,42.1,78.5,59.2,50.0,65.3061224489796,watch — approaching pivot,confirmed_uptrend,0.9,53.1,C
10,KOPRAN.NS,2026-09-17,268.5899963378906,240.75249608357748,208.36421076456705,205.4547802734375,171.70824422200522,163.06945735931396,244.05323109498937,105.19368133041839,274.7799987792969,True,True,True,True,True,True,True,True,False,54.815001923499416,ppv,335.3324390687484,True,True,True,False,,Pharmaceuticals & Biotechnology,Pharmaceuticals,90.55441478439425,True,True,1341.53,21.37,769941.0,1.5932,20,78.0,45.4,85.0,95.5,0.0,46.93877551020408,extended,confirmed_uptrend,0.9,52.6,C
11,WELSPUNLIV.NS,2026-09-18,214.66000366210938,207.01666514078775,185.18472162882486,179.48099945068358,150.1488607788086,145.48404350280762,206.02253654980356,107.03568289025932,216.0,True,True,True,True,True,True,True,True,False,67.72528166915053,noise,60.388092155062566,False,False,True,False,,Textiles & Apparels,Other Textile Products,92.86447638603697,True,True,20351.06,112.63,5246936.0,0.5534,20,73.4,45.7,79.5,98.8,0.0,55.10204081632652,extended,confirmed_uptrend,0.9,52.4,C
12,KARURVYSYA.NS,2026-09-16,334.79998779296875,339.8874994913737,339.4611112806532,333.1381201171875,305.8889914957682,296.37815460205076,336.3839281281971,203.21947309421242,358.6499938964844,True,True,True,True,True,True,True,False,False,59.46117028613755,ppv,60.53128948367137,False,True,False,False,,Banks,Private Sector Bank,91.32443531827515,True,True,32107.85,116.57,3509626.0,0.3631,20,49.9,62.7,95.0,80.7,0.0,58.16326530612245,extended,confirmed_uptrend,0.9,52.2,C
13,SEAMECLTD.NS,2026-09-16,1701.5999755859375,1750.3666687011719,1619.3544616699219,1559.9208740234376,1498.1900512695313,1394.2283801269532,1740.80490928011,770.8415212003184,1849.0,True,True,True,True,True,True,True,False,False,83.01610841606495,noise,89.85306711737731,False,False,False,False,,Transport Services,Shipping,94.81519507186859,True,True,4404.48,14.33,83007.0,0.3253,20,57.9,42.5,57.5,78.1,56.2,63.26530612244898,actionable,confirmed_uptrend,0.9,51.9,C
14,MOREPENLAB.NS,2026-09-18,120.9000015258789,115.90913836161296,96.48497708638509,85.573423538208,58.10339075724284,53.36847368240356,114.94090841102144,32.995170514607494,123.44999694824219,True,True,True,True,True,True,True,True,False,124.30245392746441,noise,72.98300891982326,False,False,True,False,,Pharmaceuticals & Biotechnology,Pharmaceuticals,97.22792607802874,True,True,6624.76,254.37,21039480.0,3.8396,10,83.5,35.4,84.0,95.9,0.0,46.93877551020408,extended,confirmed_uptrend,0.9,51.7,C
15,MANGLMCEM.NS,2026-09-16,988.7999877929688,1056.437484741211,988.864734225803,983.7732983398438,903.7062259928385,867.0596740722656,1030.655250341975,678.2213010338754,1120.0,True,True,True,True,True,True,True,False,False,36.37804209422741,noise,37.32208987702711,False,False,False,False,,Cement & Cement Products,Cement & Cement Products,85.83162217659137,True,True,2834.42,12.92,125380.0,0.456,20,56.9,37.4,96.5,70.6,34.1,51.02040816326531,actionable,confirmed_uptrend,0.9,51.7,C
16,SWANDEF.NS,2026-09-16,2698.199951171875,2549.050008138021,2486.862501356337,2430.927998046875,2107.6380013020835,1974.4850036621094,2590.6642060783215,549.8499755859375,2770.0,True,True,True,True,True,True,True,True,False,390.71566263080905,noise,70.15219714874976,False,False,False,False,BSE,Industrial Manufacturing,Ship Building & Allied Services,99.7946611909651,True,True,14468.63,5.78,21050.0,0.04,5,69.5,34.4,70.0,88.8,0.0,87.75510204081633,extended,confirmed_uptrend,0.9,51.5,C
17,MARINE.NS,2026-09-16,373.29998779296875,414.9008534749349,369.107184516059,337.44153381347655,258.46197926839193,243.74154525756836,401.4308985954806,150.74930410802895,449.66979114957604,True,True,True,True,True,True,True,False,False,88.27442677686838,red,117.56112303891042,False,False,False,False,,Industrial Manufacturing,Industrial Products,95.32854209445586,True,True,5306.69,38.64,1018954.0,0.7281,20,78.7,35.4,77.0,60.0,0.0,87.75510204081633,extended,confirmed_uptrend,0.9,51.3,C
18,OFSS.NS,2026-09-18,11896.0,11795.333333333334,11788.527777777777,11668.8,9569.307535807291,9051.267158203125,11772.444376035357,6060.863819699785,12540.0,True,True,True,True,True,True,True,True,False,35.43895259243512,noise,53.63998153016971,False,False,False,False,,IT - Software,Software Products,85.52361396303901,True,True,103594.09,371.95,312664.0,0.359,No Band,41.9,42.8,82.3,83.7,20.0,81.63265306122449,actionable,confirmed_uptrend,0.9,51.3,C
19,ZYDUSLIFE.NS,2026-09-18,1160.0,1129.2000020345051,1136.3916659884983,1134.1279125976562,1033.8036861165365,1001.6326705932618,1131.5280047330723,834.749872350541,1205.0,True,True,True,True,True,True,True,True,False,10.802352535131776,ppv,204.0662145951535,False,False,False,False,,Pharmaceuticals & Biotechnology,Pharmaceuticals,73.71663244353182,True,True,115710.44,158.94,1370158.0,0.1374,No Band,8.7,57.1,87.4,86.5,71.3,46.93877551020408,actionable,confirmed_uptrend,0.9,51.3,C
20,JSWINFRA.NS,2026-09-18,348.25,335.53333282470703,335.6125013563368,334.90200073242187,295.2512163289388,288.68010780334475,335.9057023565518,232.71809982894663,356.95001220703125,True,True,True,True,True,True,True,True,False,6.591492356702466,ppv,742.3973920407932,True,False,False,False,,Transport Infrastructure,Port & Port services,70.17453798767967,True,True,80625.51,145.71,4183930.0,0.1807,20,16.2,60.4,92.5,89.1,88.6,6.122448979591836,actionable,confirmed_uptrend,0.9,51.2,C
21,KODYTECH.NS,2026-09-16,1420.0,1501.4791564941406,1437.2666592068142,1378.7889916992187,1020.8076631673177,988.7399975585937,1469.2991675648077,556.0499877929688,1596.0,True,True,True,True,True,True,True,False,False,97.96459280156138,noise,36.378015025701856,False,False,False,False,,IT - Software,Computers - Software & Consulting,96.14989733059548,True,True,5074.18,7.92,22306.0,0.1561,5,81.0,27.1,79.8,71.9,0.0,81.63265306122449,extended,confirmed_uptrend,0.9,51.2,C
22,TEXINFRA.NS,2026-09-16,116.25,115.33886082967122,112.58641560872395,112.86109436035156,103.06297368367512,102.4020970916748,115.1081088520175,82.39240445413874,121.80000305175781,True,True,True,True,True,True,True,True,False,22.54111452425276,green,107.45114249113712,False,False,False,False,,Commercial Services & Supplies,Diversified Commercial Services,80.85215605749487,True,True,1446.8,2.06,181458.0,0.1424,20,45.3,55.0,78.5,84.9,56.7,26.53061224489796,actionable,confirmed_uptrend,0.9,51.2,C
23,KPIL.NS,2026-09-18,1445.5,1415.4333190917969,1375.5499911838108,1357.8179931640625,1266.8783463541668,1234.915220336914,1414.3047204465615,999.0966928066694,1468.0,True,True,True,True,True,True,True,True,False,13.479685889874382,green,102.82593592847063,False,False,True,False,,Construction,Civil Construction,76.33470225872689,True,True,24685.17,32.77,226714.0,0.1328,20,14.8,55.4,70.0,96.9,100.0,24.489795918367346,actionable,confirmed_uptrend,0.9,51.2,C
24,KABRAEXTRU.NS,2026-09-18,681.5999755859375,653.75,565.3194452921549,506.1829992675781,328.216799621582,301.39909957885743,654.4755092897933,180.0,741.9000244140625,True,True,True,True,True,True,True,True,False,144.73966807394524,noise,58.874327628460335,False,False,False,False,,Industrial Manufacturing,Industrial Products,98.40862422997947,True,True,2383.75,22.87,335497.0,0.9593,10,86.3,35.4,55.0,77.7,0.0,87.75510204081633,extended,confirmed_uptrend,0.9,51.1,C
25,SALSTEEL.NS,2026-09-16,74.62000274658203,78.70250066121419,70.88722218407526,66.76319984436036,56.839199956258135,52.652449989318846,76.3387962217297,26.100000381469727,86.25,True,True,True,True,True,True,True,False,False,146.92258253495982,green,123.77407462407106,False,False,False,False,,Ferrous Metals,Sponge Iron,98.51129363449692,True,True,1190.85,3.08,373859.0,0.2582,5,66.5,65.4,43.8,67.0,0.0,95.91836734693877,extended,confirmed_uptrend,0.9,51.0,C
26,MTARTECH.NS,2026-09-18,7202.0,7227.625,6991.736111111111,6693.69,6055.6300016276045,5207.931500244141,7142.258776511799,1752.5999755859375,8714.0,True,True,True,True,True,True,True,True,False,306.3645997618792,noise,57.43991223631066,False,False,False,False,,Electrical Equipment,Other Electrical Equipment,99.64065708418892,True,True,22153.06,171.39,237978.0,0.7737,5,69.2,50.2,42.9,59.3,50.0,65.3061224489796,watch — approaching pivot,confirmed_uptrend,0.9,50.4,C
27,KRISHANA.NS,2026-09-16,183.6699981689453,183.52333196004233,186.48138851589627,175.34059936523437,139.30961720784506,129.7109154510498,182.92432410136246,86.13667447448749,206.38999938964844,True,True,True,True,True,True,True,True,False,65.24770103900701,noise,99.68589750799607,False,False,False,False,,Fertilizers & Agrochemicals,Fertilizers,92.35112936344969,True,True,5561.08,25.11,1395966.0,0.4516,20,52.2,47.1,77.0,72.0,50.0,40.816326530612244,watch — approaching pivot,confirmed_uptrend,0.9,50.4,C
28,MBAPL.NS,2026-09-18,159.82000732421875,161.25666681925455,162.87972259521484,157.1774005126953,121.96895721435547,112.25573432922363,160.6356131624909,74.56403046577304,174.94000244140625,True,True,True,True,True,True,True,False,False,85.69932951922077,noise,65.74753140530471,False,False,False,False,,Fertilizers & Agrochemicals,Fertilizers,95.12320328542094,True,True,7002.27,20.55,1285709.0,0.2935,20,60.9,55.4,54.3,76.7,50.0,40.816326530612244,watch — approaching pivot,confirmed_uptrend,0.9,50.3,C
29,RUBYMILLS.NS,2026-09-16,459.6000061035156,435.35686747233075,397.8497823079427,396.7767321777344,297.4793928019206,275.78526481628415,439.87520394426025,168.1055909008604,496.35008137501956,True,True,True,True,True,True,True,True,False,102.93355545274245,ppv,356.1786647637395,True,False,False,False,,Textiles & Apparels,Other Textile Products,96.45790554414785,True,True,1561.98,1.05,22452.0,0.0671,20,81.7,27.1,90.0,79.2,0.0,55.10204081632652,extended,confirmed_uptrend,0.9,50.2,C
30,KMEW.NS,2026-09-17,2828.10009765625,2913.9916788736978,2764.427781846788,2674.0680029296873,2129.659328613281,2033.208745727539,2849.251024002651,1084.5999755859375,3175.0,True,True,True,True,True,True,True,False,False,132.3542735841213,noise,60.30322844099102,False,False,False,False,,Engineering Services,Dredging,97.79260780287474,True,True,7319.13,34.03,117937.0,0.465,20,64.8,35.4,75.0,72.1,0.0,89.79591836734694,extended,confirmed_uptrend,0.9,50.1,C
31,NORTHARC.NS,2026-09-17,310.54998779296875,304.3041687011719,292.82361178927954,296.50300048828126,275.23673370361325,271.0236505126953,302.85975540891707,206.0,334.0,True,True,True,True,True,True,True,True,False,17.94978074148359,green,144.78722948365566,False,False,False,False,,Finance,Non Banking Financial Company (NBFC),78.18275154004107,True,True,5073.94,43.48,1386622.0,0.857,20,19.1,55.3,54.1,80.0,80.8,61.224489795918366,actionable,confirmed_uptrend,0.9,50.0,C
32,WELCORP.NS,2026-09-18,2660.10009765625,2593.86669921875,2232.938900417752,2065.916013183594,1455.6376009114583,1287.966594848633,2549.311070490939,707.6502693631002,2784.800048828125,True,True,True,True,True,True,True,True,False,198.05493575345773,green,232.28877991751725,False,False,False,False,,Industrial Products,Iron & Steel Products,99.28131416837782,True,True,70147.88,489.33,1839526.0,0.6976,20,74.5,27.1,89.0,85.0,0.0,58.16326530612245,extended,confirmed_uptrend,0.9,49.7,C
33,TFCILTD.NS,2026-09-18,139.6199951171875,141.27249908447266,130.01128705342612,117.96989974975585,87.55402516682943,81.98177528381348,139.9736677368993,50.73462828916926,147.64999389648438,True,True,True,True,True,True,True,False,False,92.8948298208023,ppv,85.55459755175943,False,True,False,False,,Finance,Financial Institution,95.7905544147844,True,True,6464.09,169.18,12117076.0,2.6172,20,62.7,37.1,87.5,83.1,0.0,61.224489795918366,extended,confirmed_uptrend,0.9,49.4,C
34,PRECWIRE.NS,2026-09-18,478.3999938964844,464.4333318074544,445.9500003390842,424.59007446289064,387.8062487792969,350.6112936401367,460.7397177491862,178.7895557859583,524.9000244140625,True,True,True,True,True,True,True,True,False,163.41003868425804,green,225.69609940854022,False,False,False,False,,Industrial Products,"Aluminium, Copper & Zinc Products",98.66529774127311,True,True,8745.53,33.49,699962.0,0.3829,20,68.6,52.2,55.0,76.3,19.3,58.16326530612245,actionable,confirmed_uptrend,0.9,49.4,C
35,MMP.NS,2026-09-16,456.3500061035156,430.7113901774089,373.9854210747613,348.22466430664065,284.6822370402018,276.4919409942627,442.2389085999376,184.26453135354302,498.0,True,True,True,True,True,True,True,True,False,65.34491812131652,noise,59.188552692835216,False,False,False,False,,Non - Ferrous Metals,Aluminium,92.40246406570843,True,True,1185.92,4.26,91325.0,0.3595,20,72.3,27.1,70.0,77.3,0.0,85.71428571428571,extended,confirmed_uptrend,0.9,49.2,C
36,STLTECH.NS,2026-09-18,818.7999877929688,825.4541727701823,707.3180592854818,659.0300030517578,463.5153332519531,374.1437997817993,822.5219595177155,84.5999984741211,912.0,True,True,True,True,True,True,True,False,False,564.6643165563866,noise,86.99147968698362,False,False,False,False,,Telecom -  Equipment & Accessories,Telecom -  Equipment & Accessories,99.94866529774127,True,True,42091.02,164.66,2010984.0,0.3912,5,69.9,35.4,55.0,73.6,0.0,97.95918367346938,extended,confirmed_uptrend,0.9,49.0,C
37,NELCO.NS,2026-09-17,965.25,941.5749969482422,959.6374952528212,945.5699975585937,776.1845912679037,758.1192713928223,945.0475438460132,499.3681252958441,1120.0,True,True,True,True,True,True,True,True,False,14.006921880959776,noise,45.5166036148869,False,False,False,False,,IT - Hardware,Computers Hardware & Equipments,76.59137577002053,True,True,2308.88,55.14,544925.0,2.3881,20,35.4,40.4,69.0,66.4,91.9,32.6530612244898,actionable,confirmed_uptrend,0.9,48.8,C
38,NITINSPIN.NS,2026-09-16,628.0,636.6888376871744,592.5246276855469,578.7567456054687,491.3344885253906,448.7502293395996,635.8046773225715,300.8041771483202,665.0,True,True,True,True,True,True,True,False,False,90.37845322983588,noise,59.70354257733136,False,False,False,False,,Textiles & Apparels,Other Textile Products,95.53388090349077,True,True,3481.14,10.86,175374.0,0.3119,20,75.6,55.1,55.0,82.9,0.0,55.10204081632652,extended,confirmed_uptrend,0.9,48.8,C
39,KAPSTON.NS,2026-09-16,577.1500244140625,576.3708343505859,541.6152818467882,509.22800415039063,391.3098899332682,376.39941696166994,571.237483227512,238.91000366210938,600.0,True,True,True,True,True,True,True,True,False,140.25893825710355,noise,54.29515247087784,False,False,False,False,,Commercial Services & Supplies,Diversified Commercial Services,98.25462012320328,True,True,1778.15,4.02,68750.0,0.2259,20,89.3,37.1,79.5,86.4,0.0,26.53061224489796,extended,confirmed_uptrend,0.9,48.5,C
40,RATNAVEER.NS,2026-09-18,299.25,296.80416615804035,261.45004102918836,238.8836297607422,187.47754272460938,178.80535697937012,294.72098031450787,130.5,331.95001220703125,True,True,True,True,True,True,True,True,False,104.14080597302653,red,121.3485503420886,False,False,False,False,,Industrial Products,Iron & Steel Products,96.5605749486653,True,True,2511.5,196.97,6582185.0,7.8428,20,82.0,27.1,77.0,74.3,0.0,58.16326530612245,extended,confirmed_uptrend,0.9,48.0,C
41,LUMAXTECH.NS,2026-09-16,1941.800048828125,1977.4083353678386,1900.8912048339844,1779.2931298828125,1678.9495776367187,1636.0081732177734,1972.5595224853255,1078.495096947302,2148.699951171875,True,True,True,True,True,True,True,False,False,76.50725869824333,noise,39.9154957459449,False,False,False,False,,Auto Components,Auto Components & Equipments,94.30184804928132,True,True,14331.52,51.06,242818.0,0.3563,20,56.7,50.9,84.0,74.7,0.0,48.97959183673469,extended,confirmed_uptrend,0.9,47.7,C
42,QPOWER.NS,2026-09-18,1536.0999755859375,1462.4999898274739,1341.1746181911892,1284.95125,1142.6479825846354,1037.262963256836,1457.0526802586219,580.8863637342646,1570.0,True,True,True,True,True,True,True,True,False,55.37245644548645,green,126.80527941887327,False,False,True,False,,Electrical Equipment,Heavy Electrical Equipment,90.60574948665298,True,True,11896.19,32.19,209576.0,0.2706,5,48.1,50.3,65.5,95.7,0.0,65.3061224489796,extended,confirmed_uptrend,0.9,47.5,C
43,MAHSEAMLES.NS,2026-09-17,720.2000122070312,695.2875061035156,634.4844801161024,617.2252722167968,602.0590970865885,584.9563821411133,698.4385271071661,493.1502386104819,738.5999755859375,True,True,True,True,True,True,True,True,False,15.837740575644933,green,168.5043865430164,False,False,False,False,,Industrial Products,Iron & Steel Products,77.51540041067761,True,True,9615.12,18.31,255217.0,0.1905,20,47.5,55.4,71.0,89.0,0.0,58.16326530612245,extended,confirmed_uptrend,0.9,47.5,C
44,JTLIND.NS,2026-09-18,87.66999816894531,88.03914260864258,82.11765649583604,80.00673889160156,71.77010416666667,69.9602398109436,86.97049626270892,40.19384819281051,93.86886160930845,True,True,True,True,True,True,True,True,False,12.352805040675419,noise,97.22923329090337,False,False,False,False,,Industrial Products,Iron & Steel Products,75.15400410677618,True,True,3446.15,28.92,3298421.0,0.8391,20,32.0,55.6,72.5,80.8,24.7,58.16326530612245,actionable,confirmed_uptrend,0.9,47.4,C
45,KPRMILL.NS,2026-09-16,1121.4000244140625,1147.7666727701824,1113.9805535210503,1109.6227954101562,1005.8167976888021,984.845419921875,1133.1124317263484,794.3546009216013,1331.0754095910231,True,True,True,True,True,True,True,False,False,7.6410985767227935,noise,57.25852248854589,False,False,False,False,,Textiles & Apparels,Other Textile Products,70.94455852156058,True,True,39095.52,62.79,550132.0,0.1606,20,22.2,57.1,72.0,62.5,50.0,55.10204081632652,watch — approaching pivot,confirmed_uptrend,0.9,46.9,C
46,NRBBEARING.NS,2026-09-16,471.29998779296875,480.3666687011719,467.334723578559,452.19900085449217,365.79526967366536,340.64225357055665,486.2533241283384,211.10343900049978,519.0,True,True,True,True,True,True,True,False,False,71.8516825455608,red,113.54917397403351,False,False,False,False,,Auto Components,Auto Components & Equipments,93.78850102669405,True,True,5093.28,33.34,634439.0,0.6546,20,62.3,41.6,52.5,75.6,32.9,48.97959183673469,actionable,confirmed_uptrend,0.9,46.4,C
47,IRISDOREME.NS,2026-09-16,58.18000030517578,60.28166675567627,57.16527769300673,54.0042000579834,41.35940003712972,39.586749982833865,59.94018469381268,26.350000381469727,65.0,True,True,True,True,True,True,True,False,False,83.41740720240595,noise,66.13067254926672,False,False,False,False,,Textiles & Apparels,Garments & Apparels,94.91786447638604,True,True,1229.16,6.55,1014241.0,0.5329,20,78.1,35.4,65.5,73.0,0.0,55.10204081632652,extended,confirmed_uptrend,0.9,46.4,C
48,RPEL.NS,2026-09-18,1652.4000244140625,1720.5833231608074,1570.0472208658855,1490.7359985351563,1071.7356905110678,1021.4551806640625,1685.3364844186112,560.8282002900473,1943.699951171875,True,True,True,True,True,True,True,False,False,141.83520874593262,noise,75.5570520726783,False,True,False,False,,Industrial Products,Electrodes & Refractories,98.35728952772074,True,True,7588.14,16.49,99769.0,0.2173,20,81.3,37.1,62.5,64.0,0.0,58.16326530612245,extended,confirmed_uptrend,0.9,46.2,C
49,THEJO.NS,2026-09-16,2156.800048828125,2136.1166788736978,2097.589830186632,2038.4329443359375,1802.4212426757813,1780.079086303711,2149.30078381987,1440.1922305183673,2281.202323145146,True,True,True,True,True,True,True,True,False,13.170879996249084,noise,48.760703944801534,False,False,False,False,,Industrial Manufacturing,Industrial Products,75.92402464065708,True,True,2386.11,2.14,9722.0,0.0896,20,33.8,41.6,71.5,83.1,0.0,87.75510204081633,extended,confirmed_uptrend,0.9,46.0,C
50,QUADFUTURE.NS,2026-09-18,528.2000122070312,463.2541681925456,408.05833435058594,402.4520007324219,353.7663330078125,341.4732499694824,480.1497203274991,248.5500030517578,554.4000244140625,True,True,True,True,True,True,True,True,False,20.883395686178584,green,113.58077266284316,False,False,True,False,,Industrial Products,Cables - Electricals,79.87679671457906,True,True,2112.8,65.44,1238853.0,3.0971,20,53.0,27.1,84.5,90.5,0.0,58.16326530612245,extended,confirmed_uptrend,0.9,45.7,C
51,NAVINFLUOR.NS,2026-09-18,8590.0,8529.208333333334,8330.680555555555,8138.1,7226.94318359375,6918.317546386719,8449.95682221082,4488.291781017636,8949.5,True,True,True,True,True,True,True,True,False,73.26498591262707,ppv,137.73175428683447,False,False,False,False,,Chemicals & Petrochemicals,Specialty Chemicals,94.0965092402464,True,True,44073.67,166.25,193534.0,0.3772,20,57.2,51.6,90.0,86.0,0.0,16.3265306122449,extended,confirmed_uptrend,0.9,45.7,C
52,STAR.NS,2026-09-17,1200.199951171875,1153.4500020345051,1049.1499989827473,1049.1962280273438,1025.806658935547,991.1506723022461,1159.5820053028872,765.0675335548549,1225.262710817159,True,True,True,True,True,True,True,True,False,36.21236467394742,noise,55.974431701442626,False,False,False,False,,Pharmaceuticals & Biotechnology,Pharmaceuticals,85.6776180698152,True,True,11243.23,41.14,337249.0,0.3659,20,36.6,47.1,60.0,89.9,30.9,46.93877551020408,actionable,confirmed_uptrend,0.9,45.0,C
53,LAURUSLABS.NS,2026-09-18,1954.0,1916.875,1867.3027784559463,1793.49400390625,1406.476114095052,1313.3704565429687,1926.92351613692,821.6033975811163,1982.0,True,True,True,True,True,True,True,True,False,118.978613044214,green,101.23563003770926,False,False,False,False,,Pharmaceuticals & Biotechnology,Pharmaceuticals,97.07392197125256,True,True,105577.01,517.55,2648652.0,0.4902,No Band,63.2,30.3,72.7,91.2,0.0,46.93877551020408,extended,confirmed_uptrend,0.9,44.8,C
54,PITTIENG.NS,2026-09-16,1101.4000244140625,1125.9565124511719,1050.5247378879124,1019.3872985839844,940.4893542480469,904.8361468505859,1128.171684071051,673.5594125870612,1225.3791940785206,True,True,True,True,True,True,True,False,False,23.19366616869003,noise,97.02633290652426,False,False,False,False,,Industrial Manufacturing,Industrial Products,81.1088295687885,True,True,4230.67,13.7,119493.0,0.3237,20,45.9,41.0,47.5,73.8,11.1,87.75510204081633,actionable,confirmed_uptrend,0.9,44.7,C
55,MENONBE.NS,2026-09-16,297.1499938964844,301.31749725341797,264.13499959309894,244.34778259277343,170.5978705851237,156.16315647125245,298.1782602153059,100.57782056732867,324.0,True,True,True,True,True,True,True,False,False,126.59401331241233,noise,56.72420993716696,False,True,False,False,,Auto Components,Auto Components & Equipments,97.3305954825462,True,True,1775.63,2.96,93439.0,0.1667,5,83.0,37.1,50.0,77.4,0.0,48.97959183673469,extended,confirmed_uptrend,0.9,44.7,C
56,KTKBANK.NS,2026-09-16,318.20001220703125,325.5437545776367,313.74196963840063,302.2169805908203,261.858915608724,245.00787872314453,322.5205663563687,167.3874286313754,340.5841746417806,True,True,True,True,True,True,True,False,False,83.19054374419612,noise,74.25820787641777,False,False,False,False,,Banks,Private Sector Bank,94.8665297741273,True,True,11867.33,77.72,2476666.0,0.6549,20,67.2,48.1,45.0,80.9,0.0,58.16326530612245,extended,confirmed_uptrend,0.9,44.6,C
57,PRICOLLTD.NS,2026-09-18,767.5,758.3583323160807,765.9902801513672,727.4949987792969,626.1269980875651,623.4369993591308,758.4649165053299,498.2068341942702,823.0,True,True,True,True,True,True,True,True,False,46.04747815975383,noise,53.290348522176245,False,False,False,False,,Auto Components,Auto Components & Equipments,88.50102669404517,True,True,9354.4,42.38,552161.0,0.453,20,51.2,43.5,75.8,80.5,0.0,48.97959183673469,extended,confirmed_uptrend,0.9,44.6,C
58,KDDL.NS,2026-09-16,3819.0,3883.1556599934897,3794.733683268229,3622.6042333984374,2906.421853841146,2763.709870605469,3868.323686321561,1986.0118447969367,4147.172141618966,True,True,True,True,True,True,True,False,False,64.00982467942191,noise,64.005863743767,False,False,False,False,,Consumer Durables,"Gems, Jewellery And Watches",92.1971252566735,True,True,4745.55,17.82,46174.0,0.3754,20,71.8,39.7,82.0,78.2,0.0,20.408163265306122,extended,confirmed_uptrend,0.9,44.6,C
59,MAHASTEEL.NS,2026-09-16,1265.0999755859375,1309.2416585286458,1157.7874925401475,1063.4859924316406,925.0453316243489,900.522748413086,1287.2293419403013,381.25,1421.0,True,True,True,True,True,True,True,False,False,225.67896404433122,noise,46.360665994647015,False,True,False,False,,Industrial Products,Iron & Steel Products,99.33264887063655,True,True,1876.64,1.5,13134.0,0.0799,5,68.7,37.1,61.5,72.1,0.0,58.16326530612245,extended,confirmed_uptrend,0.9,44.6,C
60,NAZARA.NS,2026-09-17,362.54998779296875,366.6583251953125,357.4944424099392,342.9779974365234,294.4977321370443,286.14479888916014,363.871649239464,215.6999969482422,380.0,True,True,True,True,True,True,True,False,False,32.305445075541385,noise,52.59091944318591,False,False,False,False,,Entertainment,Digital Entertainment,84.34291581108829,True,True,14208.75,85.67,2319375.0,0.6029,20,53.5,44.6,89.0,84.8,0.0,22.448979591836736,extended,confirmed_uptrend,0.9,44.3,C
61,JINDALSAW.NS,2026-09-18,289.5,304.6083348592122,286.8055551317003,279.9310003662109,240.08801696777343,222.5470755004883,298.94128634680874,151.60325107352764,320.0,True,True,True,True,True,True,True,False,False,38.67161652911215,noise,89.2661311781055,False,False,False,False,,Industrial Products,Iron & Steel Products,86.70431211498973,True,True,18459.13,61.42,2121648.0,0.3327,20,51.3,39.7,68.0,74.9,4.6,58.16326530612245,actionable,confirmed_uptrend,0.9,44.0,C
62,MODISONLTD.NS,2026-09-16,455.04998779296875,487.92083231608075,384.6277779473199,358.09165954589844,248.6372895304362,223.25654930114746,476.47510312375346,112.84731995786822,546.0,True,True,True,True,True,True,True,False,False,190.19923432643319,noise,49.97448969082654,False,False,False,False,,Electrical Equipment,Other Electrical Equipment,99.07597535934292,True,True,1484.91,6.47,141297.0,0.4354,5,71.8,37.1,55.0,60.7,0.0,65.3061224489796,extended,confirmed_uptrend,0.9,43.9,C
63,MSTCLTD.NS,2026-09-16,695.449951171875,731.4803314208984,669.0656246609158,655.7889282226563,538.1176373291015,520.5310536193848,721.5126565789451,357.9805560549056,795.731978165477,True,True,True,True,True,True,True,False,False,32.707785758885045,noise,65.5426879249904,False,False,False,False,,Commercial Services & Supplies,Trading & Distributors,84.49691991786447,True,True,5097.31,34.38,474804.0,0.6744,10,53.8,35.4,61.0,68.8,50.0,26.53061224489796,watch — approaching pivot,confirmed_uptrend,0.9,43.7,C
64,ONEPOINT.NS,2026-09-16,56.279998779296875,56.2508331934611,56.807499991522896,56.211599884033205,54.41846674601237,54.1251501083374,56.55823455970586,40.58000183105469,65.8499984741211,True,True,True,True,True,True,True,False,False,27.359132220657155,red,166.55959103767128,False,False,False,False,,Commercial Services & Supplies,Business Process Outsourcing (BPO)/ Knowledge Process Outsourcing (KPO),82.75154004106776,True,True,1568.15,6.09,1021343.0,0.3884,20,49.8,55.4,44.5,64.9,50.0,26.53061224489796,watch — approaching pivot,confirmed_uptrend,0.9,43.5,C
65,NEOGEN.NS,2026-09-18,2488.39990234375,2298.491658528646,2202.3948601616753,2181.1182861328125,1811.1769791666666,1653.5944277954102,2339.4616877668263,966.2326038611084,2498.199951171875,True,True,True,True,True,True,True,True,False,58.45237098628555,green,173.13106824919467,False,False,True,False,,Chemicals & Petrochemicals,Specialty Chemicals,91.27310061601642,True,True,7475.76,45.02,180919.0,0.6022,20,69.6,40.8,65.0,99.2,0.0,16.3265306122449,extended,confirmed_uptrend,0.9,43.3,C
66,TBZ.NS,2026-09-16,546.9000244140625,472.1930389404297,337.99619589911566,313.1002572631836,205.56835388183595,195.18486305236817,487.4640771495841,110.1931743402339,572.9500122070312,True,True,True,True,True,True,True,True,False,194.46854966743996,noise,46.28209204181416,False,False,True,False,BSE,Consumer Durables,"Gems, Jewellery And Watches",99.2299794661191,True,True,4027.53,171.67,2844403.0,4.2625,5,88.2,35.4,51.0,90.9,0.0,20.408163265306122,extended,confirmed_uptrend,0.9,43.1,C
67,MARKSANS.NS,2026-09-18,320.1499938964844,326.53333282470703,312.29305945502387,297.7956848144531,236.7513803100586,222.153321685791,322.99936414118196,154.57339337516265,349.95001220703125,True,True,True,True,True,True,True,False,False,79.98181940303924,noise,28.039716062879773,False,False,False,False,,Pharmaceuticals & Biotechnology,Pharmaceuticals,94.60985626283367,True,True,14508.04,102.29,3195149.0,0.7051,20,77.4,35.4,50.0,77.0,0.0,46.93877551020408,extended,confirmed_uptrend,0.9,43.1,C
68,MCX.NS,2026-09-18,3260.0,3270.8749796549478,3073.2520412868926,2990.6633642578126,2843.630126953125,2695.528076171875,3255.513932475631,1532.8441284104038,3471.4939344339746,True,True,True,True,True,True,True,True,False,106.35144957575586,green,100.82892216386936,False,False,False,False,,Capital Markets,Exchange and Data Platform,96.66324435318275,True,True,82971.59,801.06,2457239.0,0.9655,No Band,62.2,55.4,44.7,81.8,0.0,42.857142857142854,extended,confirmed_uptrend,0.9,43.0,C
69,RACLGEAR.NS,2026-09-18,1760.9000244140625,1681.816650390625,1521.0083312988281,1465.0419970703124,1365.5010123697916,1288.8238833618163,1720.680663593261,899.2103719531061,1927.699951171875,True,True,True,True,True,True,True,True,False,89.56198928947236,noise,63.226809208787586,False,False,False,False,,Auto Components,Auto Components & Equipments,95.48254620123203,True,True,2079.43,11.53,65457.0,0.5543,20,71.5,38.7,50.0,76.7,0.0,48.97959183673469,extended,confirmed_uptrend,0.9,42.8,C
70,KSL.NS,2026-09-18,955.0499877929688,941.4875030517578,893.3597242567274,896.0770849609376,809.1191044108073,786.3725042724609,942.1794513726022,567.4828239516848,992.5999755859375,True,True,True,True,True,True,True,True,False,17.78553804201819,noise,79.86465126306345,False,False,False,False,,Industrial Products,Iron & Steel Products,78.08008213552361,True,True,4179.24,7.81,81778.0,0.1869,20,35.3,57.1,55.0,86.4,0.0,58.16326530612245,extended,confirmed_uptrend,0.9,42.7,C
71,MANINDS.NS,2026-09-18,851.5499877929688,824.7749989827474,702.330556233724,655.5439990234376,547.4036653645834,505.65999908447264,820.2064887768748,302.04998779296875,944.0,True,True,True,True,True,True,True,True,False,97.69007261589525,green,110.22889167071908,False,False,False,False,,Industrial Products,Iron & Steel Products,96.09856262833677,True,True,6387.44,74.1,870127.0,1.16,20,73.8,27.1,52.5,74.4,0.0,58.16326530612245,extended,confirmed_uptrend,0.9,42.6,C
72,WELENT.NS,2026-09-16,768.0,763.0833282470703,656.2874976264106,644.3049975585938,550.5177252197266,536.0418727111817,758.7225761274294,409.9812045484441,825.0,True,True,True,True,True,True,True,True,False,57.3298820461505,noise,93.14571259096441,False,False,False,False,,Construction,Civil Construction,91.06776180698152,True,True,11165.76,47.76,580094.0,0.4278,20,69.2,37.1,70.5,80.2,0.0,24.489795918367346,extended,confirmed_uptrend,0.9,42.5,C
73,MMFL.NS,2026-09-16,606.9500122070312,629.5791575113932,617.2930501302084,593.2379956054688,499.8614284261068,471.60315353393554,621.7466319113148,285.5132388663281,687.9500122070312,True,True,True,True,True,True,True,False,False,86.26794342170614,noise,62.28392434139485,False,False,False,False,,Auto Components,Auto Components & Equipments,95.17453798767967,True,True,3034.74,10.53,167474.0,0.3469,20,74.6,30.8,55.0,70.5,0.0,48.97959183673469,extended,confirmed_uptrend,0.9,42.1,C
74,SSWL.NS,2026-09-18,372.3999938964844,363.7124989827474,327.40277777777777,312.54940002441407,245.71540028889973,234.16510040283202,358.0655762267228,169.0,384.1499938964844,True,True,True,True,True,True,True,True,False,53.01034501048194,noise,90.60622782098154,False,False,False,False,,Auto Components,Auto Components & Equipments,90.34907597535934,True,True,5856.55,62.37,1674686.0,1.0649,20,67.5,27.1,55.0,87.9,0.0,48.97959183673469,extended,confirmed_uptrend,0.9,42.0,C
75,PFOCUS.NS,2026-09-16,320.45001220703125,306.78333282470703,295.1830537584093,290.5623986816406,278.3946659342448,265.24724945068357,310.9374488196603,161.00999450683594,367.0,True,True,True,True,True,True,True,True,False,67.51176533976889,ppv,241.6787889809567,False,False,False,False,,Entertainment,Media & Entertainment,92.81314168377823,True,True,26817.08,32.44,941977.0,0.121,20,53.2,41.8,87.5,68.6,0.0,22.448979591836736,extended,confirmed_uptrend,0.9,41.7,C
76,PVP.NS,2026-09-18,59.279998779296875,63.62750053405762,49.04916678534614,43.24240005493164,33.69799994150797,33.48489992141724,61.796471783931445,23.0,71.9000015258789,True,True,True,True,True,True,True,False,False,98.19458068110265,noise,27.058578703330006,False,False,False,False,,Realty,"Residential, Commercial Projects",96.25256673511294,True,True,1543.67,10.72,1807955.0,0.6943,5,81.3,27.1,52.5,58.9,0.0,53.06122448979592,extended,confirmed_uptrend,0.9,41.5,C
77,LUMAXIND.NS,2026-09-16,5760.5,6109.916666666667,5853.3129475911455,5670.5101953125,5469.000091145834,5430.916318359375,5968.636845590194,4022.4774288239955,6868.719019600016,True,True,True,True,True,True,True,False,False,38.663054709329536,noise,56.89058403972717,False,False,False,False,,Auto Components,Auto Components & Equipments,86.652977412731,True,True,5469.36,10.51,17955.0,0.1921,20,38.9,55.4,41.5,61.7,31.9,48.97959183673469,actionable,confirmed_uptrend,0.9,41.3,C
78,WSTCSTPAPR.NS,2026-09-17,716.4500122070312,687.5791625976562,631.6107347276476,606.0403796386719,514.2789190673828,488.36654525756836,695.11155801833,373.1221844471916,743.0,True,True,True,True,True,True,True,True,False,47.265709193583305,noise,92.47904995612532,False,False,True,False,,"Paper, Forest & Jute Products",Paper & Paper Products,88.9630390143737,True,True,5074.54,22.03,286748.0,0.4341,20,74.2,37.4,55.0,92.9,0.0,14.285714285714285,extended,confirmed_uptrend,0.9,41.0,C
79,QUESS.NS,2026-09-17,353.0,351.7708333333333,342.9246546427409,329.035673828125,249.02008982340496,236.79891044616699,349.81242676661554,162.53922482226787,388.75,True,True,True,True,True,True,True,True,False,34.13323193708238,noise,32.87836338465438,False,False,False,False,,Commercial Services & Supplies,Diversified Commercial Services,85.01026694045176,True,True,5253.16,32.51,924540.0,0.6189,20,55.0,27.1,86.0,75.6,0.0,26.53061224489796,extended,confirmed_uptrend,0.9,40.5,C
80,KAMDHENU.NS,2026-09-16,38.83000183105469,38.625834147135414,36.03416665395101,35.28239994049072,27.87200002034505,26.78305004119873,38.60497110839371,16.149999618530273,40.95000076293945,True,True,True,True,True,True,True,True,False,32.80334904355398,green,131.657891042992,False,False,False,False,,Industrial Products,Iron & Steel Products,84.5482546201232,True,True,1157.13,3.3,804715.0,0.2855,5,53.9,27.1,55.0,83.6,0.0,58.16326530612245,extended,confirmed_uptrend,0.9,40.4,C
81,KINGFA.NS,2026-09-17,5855.5,6010.291666666667,5813.430555555556,5608.42,5029.8906656901045,4819.359508056641,5978.532254808249,3649.89990234375,6347.0,True,True,True,True,True,True,True,False,False,30.656459130797064,noise,58.70059850620765,False,True,False,False,,Industrial Products,Plastic Products - Industrial,83.77823408624229,True,True,7897.74,8.11,13924.0,0.1027,20,32.1,54.6,52.5,78.5,0.0,58.16326530612245,extended,confirmed_uptrend,0.9,40.4,C
82,PVRINOX.NS,2026-09-18,1324.699951171875,1233.3499857584636,1206.1361083984375,1161.2399963378907,1048.5483353678385,1042.3447525024415,1250.4672113594956,907.4000244140625,1339.800048828125,True,True,True,True,True,True,True,True,False,17.458759870452646,green,179.73919719927136,False,False,True,False,,Entertainment,"Film Production, Distribution & Exhibition",77.97741273100615,True,True,13008.55,64.61,487702.0,0.4966,20,48.6,37.3,67.5,97.7,0.0,22.448979591836736,extended,confirmed_uptrend,0.9,40.0,C
83,NEULANDLAB.NS,2026-09-16,22625.0,23140.416666666668,22484.333333333332,21471.3821484375,17327.717688802084,16673.356704101563,23109.58617075973,11478.786028437366,24225.0,True,True,True,True,True,True,True,False,False,39.737460284928595,noise,75.8760822632094,False,False,False,False,,Pharmaceuticals & Biotechnology,Pharmaceuticals,87.11498973305955,True,True,29303.47,146.23,64024.0,0.499,20,39.9,31.7,73.5,80.8,0.0,46.93877551020408,extended,confirmed_uptrend,0.9,39.9,D
84,RAMRAT.NS,2026-09-16,527.2999877929688,540.7875061035156,496.9361122979058,474.25506469726565,405.4556368001302,379.38631454467776,531.3253898115695,267.5020158929635,602.0,True,True,True,True,True,True,True,False,False,40.899107132736745,noise,36.0053592119084,False,False,False,False,BSE,Electrical Equipment,Other Electrical Equipment,87.42299794661191,True,True,5178.54,16.98,306126.0,0.3279,20,44.6,38.4,52.5,69.2,0.0,65.3061224489796,extended,confirmed_uptrend,0.9,39.7,D
85,METROPOLIS.NS,2026-09-17,586.2999877929688,585.9291687011719,574.0375027126736,573.1480017089843,522.9790248616537,511.72618194580076,583.5780056492986,411.4375158286193,609.0499877929688,True,True,True,True,True,True,True,True,False,14.840956638655832,noise,49.64613845257732,False,False,False,False,,Healthcare Services,Healthcare Service Provider,76.95071868583162,True,True,12394.33,16.54,276815.0,0.1334,20,16.2,55.4,58.6,86.5,50.2,8.16326530612245,actionable,confirmed_uptrend,0.9,39.6,D
86,KIMS.NS,2026-09-17,791.8499755859375,767.6874949137369,784.1888868543837,788.1379992675782,744.7030008951823,717.0277499389648,771.7407472071934,575.7999877929688,858.0,True,True,True,True,True,True,True,True,False,6.581864536705839,ppv,196.8837534479022,False,False,False,False,,Healthcare Services,Hospital,70.12320328542094,True,True,33029.01,45.89,566595.0,0.1389,20,0.3,47.1,89.8,78.6,50.0,8.16326530612245,watch — approaching pivot,confirmed_uptrend,0.9,39.4,D
87,SPLPETRO.NS,2026-09-18,865.7000122070312,797.9791615804037,737.6416676839193,734.5242626953125,711.9465783691406,683.621475982666,804.435867225674,457.2664603074991,965.127357372077,True,True,True,True,True,True,True,True,False,9.025199746400636,ppv,438.9911448243456,True,False,True,False,,Chemicals & Petrochemicals,Petrochemicals,72.27926078028747,True,True,16278.74,20.36,235152.0,0.1251,20,35.3,42.5,90.0,79.4,0.0,16.3265306122449,extended,confirmed_uptrend,0.9,39.4,D
88,TI.NS,2026-09-18,568.7000122070312,533.7064412434896,537.57654232449,511.95918640136716,465.21558146158856,458.97476989746093,538.8228278252179,380.8184953584051,593.4101250631628,True,True,True,True,True,True,True,True,False,21.936136642665048,ppv,183.00128249999682,False,False,False,False,,Beverages,Breweries & Distilleries,80.49281314168378,True,True,14097.95,45.75,804380.0,0.3245,20,24.5,55.4,85.0,85.7,0.0,12.244897959183673,extended,confirmed_uptrend,0.9,39.1,D
89,ROLEXRINGS.NS,2026-09-16,168.52999877929688,173.7508316040039,167.77249908447266,161.70359954833984,145.61940038045248,140.08875030517578,172.38715678411137,99.79000091552734,189.39999389648438,True,True,True,True,True,True,True,False,False,20.318405059551424,noise,23.845145790215334,False,False,False,False,,Auto Components,Auto Components & Equipments,79.5687885010267,True,True,4514.23,55.82,3244086.0,1.2366,20,42.3,37.7,62.5,72.0,0.0,48.97959183673469,extended,confirmed_uptrend,0.9,38.9,D
90,MANORAMA.NS,2026-09-16,1916.4000244140625,1994.1992594401042,1839.4766337076824,1772.8410620117188,1540.4352482096353,1485.3692596435546,1995.0333888501082,1060.1930872125888,2148.6752714346185,True,True,True,True,True,True,True,False,False,36.98718315088472,noise,51.33562359143139,False,False,False,False,,Food Products,Other Food Products,86.08829568788501,True,True,12415.54,85.41,434230.0,0.6879,20,57.5,27.1,57.5,72.4,0.0,44.89795918367347,extended,confirmed_uptrend,0.9,38.4,D
91,THELEELA.NS,2026-09-17,530.0,546.3250020345052,529.2805582682291,517.6070025634766,461.376001180013,451.23400100708005,538.2537162585594,384.5,582.8499755859375,True,True,True,True,True,True,True,False,False,26.2957244628808,dry,14.826213291773763,False,False,False,False,,Leisure Services,Hotels & Resorts,82.23819301848049,True,True,18052.09,28.75,531921.0,0.1593,10,28.6,32.8,71.2,75.9,37.7,18.367346938775512,actionable,confirmed_uptrend,0.9,38.4,D
92,PRUDENT.NS,2026-09-18,3501.60009765625,3335.7666829427085,3351.277791341146,3236.165625,2840.7636865234376,2761.1171716308595,3364.0503784301454,2118.407683707669,4105.5,True,True,True,True,True,True,True,True,False,17.06574160388563,green,136.36177019247603,False,False,False,False,,Capital Markets,Financial Products Distributor,77.72073921971253,True,True,14498.96,12.83,36648.0,0.0885,20,31.1,58.6,58.8,64.6,0.0,42.857142857142854,extended,confirmed_uptrend,0.9,38.4,D
93,PREMEXPLN.NS,2026-09-16,667.8499755859375,667.0541585286459,662.9263882107205,665.6369982910156,599.8383308919271,576.7677499389648,667.4777810991435,378.3999938964844,829.7999877929688,True,True,True,True,True,True,True,True,False,19.391106181181605,noise,53.49358659919916,False,False,False,False,,Chemicals & Petrochemicals,Explosives,78.90143737166323,True,True,3594.13,34.98,523443.0,0.9732,20,20.8,47.1,66.5,55.0,50.0,16.3265306122449,watch — approaching pivot,confirmed_uptrend,0.9,37.9,D
94,OMAXE.NS,2026-09-16,115.06999969482422,125.44666798909505,106.44194497002496,102.20460037231446,85.82006703694661,82.94140026092529,121.30288711704246,62.5,138.88999938964844,True,True,True,True,True,True,True,False,False,29.64172704526604,dry,17.378723633451468,False,False,False,False,,Realty,"Residential, Commercial Projects",83.47022587268994,True,True,2154.45,49.52,4221396.0,2.2986,10,51.4,35.4,52.5,59.7,0.0,53.06122448979592,extended,confirmed_uptrend,0.9,37.7,D
95,KRN.NS,2026-09-18,1446.199951171875,1544.2166646321614,1452.6361083984375,1392.6239990234376,1192.0243322753906,1071.9907485961915,1504.2787133623774,589.7999877929688,1687.0,True,True,True,True,True,True,True,False,False,65.89618023193289,green,127.65203085115073,False,False,False,False,,Industrial Products,Other Industrial Products,92.5564681724846,True,True,9466.61,24.14,166893.0,0.255,5,56.7,27.1,46.3,65.5,0.0,58.16326530612245,extended,confirmed_uptrend,0.9,37.5,D
96,NILKAMAL.NS,2026-09-16,1920.5,2052.4500020345054,1946.9388970269097,1811.119013671875,1453.2672469075521,1434.2546282958983,2030.8321269055148,1034.4655321576956,2149.5,True,True,True,True,True,True,True,False,False,26.55861850660255,noise,26.359537234410514,False,False,False,False,,Consumer Durables,Plastic Products - Consumer,82.28952772073922,True,True,2826.02,22.89,121297.0,0.8101,20,48.7,35.4,63.0,72.7,0.0,20.408163265306122,extended,confirmed_uptrend,0.9,36.0,D
97,MPSLTD.NS,2026-09-16,2610.199951171875,2645.883341471354,2737.5583224826387,2604.7439965820313,1995.4146614583333,1981.080494995117,2638.8237718567634,1336.0999755859375,2979.0,True,True,True,True,True,True,True,False,False,19.755910911302223,dry,17.987122622934532,False,False,False,False,,Printing & Publication,Printing & Publication,79.2094455852156,True,True,4527.88,18.21,68277.0,0.4022,20,41.5,35.4,55.0,69.2,0.0,10.204081632653061,extended,confirmed_uptrend,0.9,31.6,D
98,JGCHEM.NS,2026-09-16,582.9000244140625,601.4541676839193,585.6902779473198,552.1940014648437,443.5553344726562,419.4625006103516,593.9068676989264,298.3999938964844,675.0,True,True,True,True,True,True,True,False,False,23.613623052405064,noise,37.917947078616706,False,False,False,False,,Chemicals & Petrochemicals,Commodity Chemicals,81.26283367556468,True,True,2399.75,34.99,571387.0,1.4581,20,26.3,35.4,67.5,66.7,0.0,16.3265306122449,extended,confirmed_uptrend,0.9,31.4,D
99,MANALIPETC.NS,2026-09-16,82.37000274658203,85.44750150044759,74.9336117638482,71.93480041503906,61.353733393351234,60.953500003814696,83.52328829712845,39.130001068115234,93.0,True,True,True,True,True,True,True,False,False,19.584793889483866,noise,53.82805323138491,False,True,False,False,,Chemicals & Petrochemicals,Petrochemicals,79.10677618069816,True,True,1426.22,31.27,3771674.0,2.1928,20,34.1,38.1,50.0,71.1,0.0,16.3265306122449,extended,confirmed_uptrend,0.9,31.0,D
