symbol,date,close,MA12,MA36,MA50,MA150,MA200,EMA10,52w_low,52w_high,cond1_price_above_150_200,cond2_ma150_above_ma200,cond3_ma200_trending_up_1m,cond4_ma50_above_150_200,cond5_price_above_ma50,cond6_30pct_above_52w_low,cond7_within_25pct_52w_high,cond9_price_above_ema10,fresh_ma12_cross_today,12m_return_pct,volume_signal,relative_volume,bull_snort,inside_bar,is_52w_high,is_52w_low,name,industry_group,industry,rs_percentile,cond8_rs_at_least_70,all_conditions_met,total_market_cap_cr,traded_value_cr,traded_volume,traded_val_pct_mc,price_band
SABAR.NS,2026-09-18,9.5,9.358333349227905,7.795833335982429,6.996999998092651,5.954666649500529,5.775499978065491,9.284285867532406,3.950000047683716,9.5,True,True,True,True,True,True,True,True,False,45.03816371544514,dry,0.0,False,False,True,False,Sabar Flex India,Industrial Products,Packaging,93.33333333333333,True,True,,,,,2
VIVO.NS,2026-09-18,151.0500030517578,151.71250279744467,140.49027803209094,123.04599975585937,91.84599985758463,88.00924983978271,151.52515470054652,64.0,164.0,True,True,True,True,True,True,True,False,False,136.01562976837158,dry,0.0,False,False,False,False,Vivo Collaborat.,Telecom - Services,Other Telecom Services,98.33333333333333,True,True,,,,,5
VERA.NS,2026-09-18,86.25,86.25,83.46944448682997,79.8070004272461,72.63166702270507,71.94875064849853,86.17464096314886,65.55000305175781,86.25,True,True,True,True,True,True,True,True,False,26.83823529411764,dry,0.0,False,False,True,False,Vera Synthetic,Textiles & Apparels,Other Textile Products,89.44444444444444,True,True,,,,,5
SEL.NS,2026-09-18,354.29998779296875,332.55833435058594,296.5847227308485,281.35700073242185,216.05800008138021,214.57475021362305,341.6855527647116,115.25,369.0,True,True,True,True,True,True,True,True,False,48.64693883796083,noise,40.27926960257787,False,False,False,False,Sungarner Energ.,Electrical Equipment,Other Electrical Equipment,95.0,True,True,,,,,5
VILINBIO.NS,2026-09-18,58.0,55.97083346048991,47.03055551317003,46.06399993896484,42.70166669209798,38.239999990463254,56.57533126928773,18.950000762939453,60.95000076293945,True,True,True,True,True,True,True,True,False,135.77235406747903,noise,41.66666666666667,False,False,False,False,Vilin Bio Med,Pharmaceuticals & Biotechnology,Pharmaceuticals,97.77777777777777,True,True,,,,,5
SERVICE.NS,2026-09-18,66.05000305175781,68.91666730244954,65.09861108991835,63.467999954223636,55.908333206176756,53.20199995040893,67.79271295536596,39.20000076293945,73.0,True,True,True,True,True,True,True,False,False,27.019236637995792,dry,18.45018450184502,False,False,False,False,Service Care Ltd,Commercial Services & Supplies,Diversified Commercial Services,90.0,True,True,,,,,5
VELS.NS,2026-09-18,73.0,73.0,73.0,72.81099990844727,66.51766614278158,64.25849964141845,72.99974026050182,39.75,73.0,True,True,True,True,True,True,True,True,False,47.02919991241179,dry,0.0,False,False,True,False,Vels Film,Entertainment,"Film Production, Distribution & Exhibition",93.88888888888889,True,True,,,,,5
ARABIAN.NS,2026-09-18,85.5,84.08333333333333,82.8555556403266,79.01,72.97566650390625,72.3629999923706,83.0583539802555,63.20000076293945,94.30000305175781,True,True,True,True,True,True,True,True,False,15.15151515151516,noise,55.14705882352941,False,False,False,False,Arabian Petrol.,Petroleum Products,Lubricants,86.66666666666667,True,True,,,,,20
SILKFLEX.NS,2026-09-18,280.3500061035156,277.7124989827474,235.79722171359592,226.2959991455078,188.43133321126302,165.09299991607665,272.06398943010686,76.0,302.70001220703125,True,True,True,True,True,True,True,True,False,203.08108767947635,noise,89.42457231726283,False,False,False,False,Silkflex Polymer,Chemicals & Petrochemicals,Specialty Chemicals,99.44444444444444,True,True,,,,,5
