symbol,date,close,MA12,MA36,MA50,MA150,MA200,EMA10,52w_low,52w_high,cond1_price_above_150_200,cond2_ma150_above_ma200,cond3_ma200_trending_up_1m,cond4_ma50_above_150_200,cond5_price_above_ma50,cond6_30pct_above_52w_low,cond7_within_25pct_52w_high,cond9_price_above_ema10,fresh_ma12_cross_today,12m_return_pct,volume_signal,relative_volume,bull_snort,inside_bar,is_52w_high,is_52w_low,data_source,industry_group,industry,rs_percentile,cond8_rs_at_least_70,all_conditions_met
3IINFOLTD.NS,2026-09-16,25.020000457763672,22.77166684468587,24.019722355736626,22.67480007171631,18.31699998219808,17.719200015068054,23.320268839995276,12.680000305175781,27.799999237060547,True,True,True,True,True,True,True,True,False,1.7073173568335154,ppv,64.79685127884618,False,False,False,False,,IT - Software,Computers - Software & Consulting,66.0164271047228,False,False
3MINDIA.NS,2026-09-16,31935.0,32770.0,34240.13888888889,34495.088828125,33218.66841145833,33502.001845703126,32654.0669171161,28319.862583025053,37487.09942436396,False,False,False,True,False,False,True,False,False,4.609278517584814,ppv,666.3186943304675,False,False,False,False,,Diversified,Diversified,68.17248459958932,False,False
ABB.NS,2026-09-18,7270.5,7303.708333333333,7462.844048394098,7394.512578125,6851.876285807291,6422.329853515625,7252.459416269912,4564.870705303207,7832.294844565128,True,True,True,True,False,True,True,True,False,37.14169506211999,ppv,128.39655189405613,False,False,False,False,,Electrical Equipment,Heavy Electrical Equipment,86.19096509240246,True,False
AARTIPHARM.NS,2026-09-18,820.4000244140625,836.4574381510416,810.4427897135416,777.6501586914062,714.5667757161458,723.5174609375,824.9555952196602,583.5851680913014,936.2409542546694,True,False,False,True,True,True,True,False,False,-10.264361427806069,ppv,257.6018456461669,False,False,False,False,,Pharmaceuticals & Biotechnology,Pharmaceuticals,53.4394250513347,False,False
ACMESOLAR.NS,2026-09-18,435.25,411.1708297729492,392.65277777777777,387.29399963378904,325.74339965820315,300.4224989318848,413.46629594125403,195.72747422084996,440.70001220703125,True,True,True,True,True,True,True,True,False,43.37127576791184,ppv,534.3338495069636,True,False,True,False,,Power,Power Generation,88.14168377823408,True,True
ACE.NS,2026-09-18,1229.199951171875,1144.0083109537761,1128.4666375054253,1096.9056079101563,962.990048421224,948.4695297241211,1159.725423432402,743.7339869667156,1241.5,True,True,True,True,True,True,True,True,False,7.541495607233273,ppv,162.94903171882765,False,False,True,False,,"Agricultural, Commercial & Construction Vehicles",Construction Vehicles,70.84188911704312,True,True
ACUTAAS.NS,2026-09-18,3440.300048828125,3294.6316935221353,3244.8631998697915,3308.01265625,2903.139471028646,2617.5348455810545,3325.361381729911,1301.0268289605388,3737.2044731885353,True,True,True,True,True,True,True,True,False,134.04985705595473,ppv,163.94720752536972,False,False,False,False,,Pharmaceuticals & Biotechnology,Pharmaceuticals,97.8952772073922,True,True
ADANIGREEN.NS,2026-09-18,1334.5,1291.4250081380208,1319.0833367241753,1365.1480029296874,1265.1320003255207,1190.6777499389648,1292.0305531640593,765.0,1631.5,True,True,True,True,False,True,True,True,False,36.2499344905741,ppv,131.12412464758484,False,False,False,False,,Power,Power Generation,85.72895277207392,True,False
ATGL.NS,2026-09-18,660.7000122070312,607.2000020345052,636.0791659884983,651.3459997558593,632.4308481852214,614.4212101745605,611.3786271588951,462.63840779150803,859.5498025483846,True,True,False,True,True,True,True,True,False,8.875833736906502,ppv,2150.6208865779977,True,False,False,False,,Gas,LPG/CNG/PNG/LNG Supplier,72.1252566735113,True,False
AEGISVOPAK.NS,2026-09-17,310.70001220703125,293.58333587646484,282.3405541314019,283.9555993652344,232.38381917317707,233.08110794067383,295.4368303224851,157.88530940558778,316.0,True,False,False,True,True,True,True,True,False,27.39201196814618,ppv,379.0782269330215,True,False,True,False,,Oil,Oil Storage & Transportation,82.8028747433265,True,False
AEROENTER.NS,2026-09-17,122.94000244140625,136.48916498819986,133.42039002312555,129.90901000976564,106.49091420491537,100.4256697845459,130.58088436819787,62.02029581540144,159.60000610351562,True,True,True,True,False,True,True,False,False,40.10933994330239,ppv,263.2511546486799,False,False,False,False,,Industrial Products,Iron & Steel Products,87.26899383983573,True,False
AHLADA.NS,2026-09-16,36.560001373291016,36.54500039418539,37.565833727518715,37.724800186157225,40.7645334370931,43.26130012512207,36.21710041777983,31.219999313354492,72.0,False,False,False,False,False,False,False,True,False,-34.97813887521638,ppv,266.89567219228064,False,False,False,False,,Consumer Durables,"Furniture, Home Furnishing",21.765913757700204,False,False
AIMTRON.NS,2026-09-17,1616.449951171875,1660.0208129882812,1638.6138712565105,1558.8419897460938,1204.1263317871094,1108.1959985351561,1663.223611443259,675.0,1800.0,True,True,True,True,True,True,True,False,False,130.01778031616863,ppv,274.65105808194505,False,False,False,False,,Industrial Manufacturing,Industrial Products,97.58726899383984,True,True
AIROLAM.NS,2026-09-16,88.54000091552734,86.60916646321614,88.06444401211209,88.05199966430663,87.54573333740234,90.25149997711182,86.61189583748114,78.0,123.30000305175781,False,False,False,False,True,False,False,True,False,-17.759615545425866,ppv,342.37773988682136,True,False,False,False,,Consumer Durables,Plywood Boards/ Laminates,44.19917864476386,False,False
AJANTPHARM.NS,2026-09-18,3563.60009765625,3522.0499877929688,3545.3375108506943,3502.794775390625,3152.839012044271,3042.434466552734,3532.837498787296,2283.1397649802702,3796.0,True,True,True,True,True,True,True,True,False,42.287538954445104,ppv,220.41655380630817,False,False,False,False,,Pharmaceuticals & Biotechnology,Pharmaceuticals,87.93634496919918,True,True
APLLTD.NS,2026-09-18,845.75,816.5250091552734,820.3236134847006,818.1733898925781,761.4724853515625,773.7514660644531,822.6832682953599,626.4825498908483,983.3745824758901,True,False,False,True,True,True,True,True,False,-12.245317487026563,ppv,508.31353919239905,False,False,False,False,,Pharmaceuticals & Biotechnology,Pharmaceuticals,50.82135523613963,False,False
ALGOQUANT.NS,2026-09-18,,,,,,,,,,False,False,False,False,False,False,False,False,False,,ppv,270.31242214573876,False,False,True,False,,Finance,Other Financial Services,,False,False
ABDL.NS,2026-09-17,653.0999755859375,619.2583363850912,615.7777811686198,618.1040014648438,561.5923712158203,556.7988661193848,629.0095341409657,378.81990505354565,711.7000122070312,True,True,False,True,True,True,True,True,False,19.361290893277385,ppv,145.1945459937246,False,False,False,False,,Beverages,Breweries & Distilleries,78.74743326488706,True,False
AMAL.NS,2026-09-17,,,,,,,,,,False,False,False,False,False,False,False,False,False,,ppv,,False,False,False,False,,Chemicals & Petrochemicals,Specialty Chemicals,,False,False
ARE&M.NS,2026-09-18,796.0,822.2416737874349,890.6347249348959,890.3269372558593,843.10591796875,854.6550796508789,816.8412832293312,666.0087356197063,1027.7670143394755,False,False,False,True,False,False,True,False,False,-21.88944490305914,ppv,85.91133501491515,False,False,False,False,,Auto Components,Auto Components & Equipments,39.06570841889117,False,False
AMEYA.NS,2026-09-16,129.35000610351562,114.61666742960612,110.88194508022733,110.8570002746582,107.05800018310546,104.61025005340576,118.18747848361882,86.0,132.8000030517578,True,True,False,True,True,True,True,True,False,27.87939115396043,ppv,502.283105022831,False,False,True,False,,Industrial Products,Other Industrial Products,82.95687885010267,True,False
AMNPLST.NS,2026-09-18,171.50999450683594,168.80026626586914,183.67569181654187,187.76230041503905,177.48190073649087,179.08567344665528,168.70274871392016,126.62184308118806,249.2555891812046,False,False,False,True,False,True,False,True,False,-24.021814778923968,ppv,84.89423600561781,False,False,False,False,,Chemicals & Petrochemicals,Commodity Chemicals,36.190965092402465,False,False
ANANDRATHI.NS,2026-09-18,2229.39990234375,2208.1333211263022,2166.505537245009,2140.867990722656,1866.3623917643229,1774.9085974121094,2206.885685696307,1351.1991966764108,2268.39990234375,True,True,True,True,True,True,True,True,False,46.36721161804975,ppv,346.6235956042696,False,False,False,False,,Capital Markets,Financial Products Distributor,88.55236139630391,True,True
AHCL.NS,2026-09-18,22.899999618530273,18.357500155766804,15.986944463517931,15.763000030517578,14.253479995727538,14.092579989433288,19.55149240434246,10.371000289916992,24.780000686645508,True,True,False,True,True,True,True,True,False,72.23225355917207,ppv,960.8725824262709,False,False,True,False,,Pharmaceuticals & Biotechnology,Pharmaceuticals,93.94250513347022,True,False
APARINDS.NS,2026-09-17,17801.0,17341.215657552082,16780.381808810766,15942.6509375,13440.307975260417,12178.423923339844,17322.567922113245,6777.469795325622,18401.11382486979,True,True,True,True,True,True,True,True,False,99.74060777028315,ppv,134.1346205275774,False,False,False,False,,Electrical Equipment,Other Electrical Equipment,96.30390143737166,True,True
ARROWGREEN.NS,2026-09-16,907.4500122070312,801.7473958333334,754.1610565185547,736.0841064453125,580.3590283203125,556.3306286621093,814.2831684133203,339.84701118518905,952.75,True,True,True,True,True,True,True,True,False,60.896158359713496,ppv,936.5814969285017,False,False,True,False,,Industrial Products,Packaging,91.6324435318275,True,True
AHLWEST.NS,2026-09-16,530.6500244140625,524.2666651407877,534.9416664971245,545.1449993896484,424.44073089599607,354.36804664611816,521.2541873606989,137.0,751.4000244140625,True,True,True,True,False,True,False,True,False,268.1235150069641,ppv,232.19814241486065,False,False,False,False,,Leisure Services,Hotels & Resorts,99.58932238193019,True,False
ASTAR.NS,2026-09-17,,,,,,,,,,False,False,False,False,False,False,False,False,False,,ppv,,False,False,True,False,,Consumer Durables,"Gems, Jewellery And Watches",,False,False
ASTEC.NS,2026-09-17,755.1500244140625,656.8833312988281,621.1194424099392,636.2189990234375,667.4753344726563,668.6742526245117,677.9815832736175,513.4000244140625,941.75,True,False,False,False,True,True,True,True,False,-10.754594028761645,ppv,504.02274553789306,True,False,False,False,,Fertilizers & Agrochemicals,Pesticides & Agrochemicals,52.61806981519507,False,False
ATAM.NS,2026-09-16,62.150001525878906,55.1422389348348,58.76332547929552,61.161724166870115,65.09351760864257,68.71465141296386,56.04795839584196,48.18950083312845,110.28937131225031,False,False,False,False,True,False,False,True,False,-30.52142757596853,ppv,954.4344379221677,True,False,False,False,,Industrial Manufacturing,Industrial Products,27.053388090349078,False,False
AVALON.NS,2026-09-16,2216.10009765625,2251.8833821614585,2092.6416897243926,1990.5180151367188,1505.817674560547,1353.9927560424806,2234.817150059038,777.2999877929688,2424.0,True,True,True,True,True,True,True,False,False,129.93360922642844,ppv,194.56663294380598,False,False,False,False,,Electrical Equipment,Other Electrical Equipment,97.5359342915811,True,True
AXISCADES.NS,2026-09-18,1811.199951171875,1781.7249857584636,1648.1666632758247,1627.2619995117188,1696.986670735677,1594.406004638672,1767.2551191510465,1063.300048828125,2211.0,True,True,True,False,True,True,True,True,False,7.317651453046858,ppv,182.5551091884955,False,False,False,False,,Aerospace & Defense,Aerospace & Defense,70.73921971252567,True,False
AYMSYNTEX.NS,2026-09-16,270.79998779296875,298.0291697184245,269.3472243414985,260.07800140380857,226.57753356933594,210.58085014343263,287.2292405102387,141.52999877929688,330.0,True,True,True,True,True,True,True,False,False,44.9601152679375,ppv,276.0011823743012,False,False,False,False,,Textiles & Apparels,Other Textile Products,88.39835728952772,True,True
AZAD.NS,2026-09-18,2790.300048828125,2766.1000162760415,2700.147230360243,2608.026015625,2147.5713419596354,2003.0920080566407,2741.1106850110564,1360.0,2986.60009765625,True,True,True,True,True,True,True,True,False,69.62310327222644,ppv,130.41186356410057,False,False,False,False,,Electrical Equipment,Heavy Electrical Equipment,93.42915811088297,True,True
BHEL.NS,2026-09-18,439.8999938964844,427.02083587646484,421.2902789645725,419.06884033203124,364.7781227620443,341.48505531311037,427.05024047412735,228.8019259330385,446.5,True,True,True,True,True,True,True,True,False,88.20376437741331,ppv,78.73120420607349,False,False,False,False,,Electrical Equipment,Heavy Electrical Equipment,95.27720739219713,True,True
BPCL.NS,2026-09-18,314.0,307.5874989827474,314.54583316379126,314.28299926757813,312.21233357747394,323.8530313110352,307.7719294937381,266.6000061035156,391.6499938964844,False,False,False,False,False,False,True,True,False,1.1898408041488784,ppv,170.63760971281803,False,False,False,False,,Petroleum Products,Refineries & Marketing,65.65708418891171,False,False
BABAFP.NS,2026-09-16,24.149999618530273,22.854166666666668,23.361111164093018,23.474000015258788,24.679999923706056,26.222249908447267,22.733126645176213,17.649999618530273,38.5,False,False,False,False,True,True,False,True,False,-34.72973076072899,ppv,547.4452554744526,True,False,False,False,,Food Products,Other Food Products,21.919917864476385,False,False
BAJAJHFL.NS,2026-09-18,85.58000183105469,83.72333335876465,84.53972223069933,85.02919982910156,85.2669330851237,87.26404972076416,83.90794761727987,72.6500015258789,115.98999786376953,False,False,False,False,True,False,False,True,False,-25.452962059181505,ppv,181.39006382382325,False,False,False,False,,Finance,Housing Finance Company,33.521560574948666,False,False
BALAJITELE.NS,2026-09-17,95.97000122070312,92.52249844868977,91.19416660732693,90.15119995117188,92.38453353881836,94.6146000289917,93.10384648013776,69.5199966430664,141.32000732421875,True,False,False,False,True,True,False,True,False,-18.21900087892446,ppv,173.00946372414353,False,False,False,False,,Entertainment,Media & Entertainment,43.53182751540041,False,False
BANDHANBNK.NS,2026-09-18,175.0,170.4724998474121,171.20816930135092,177.05368377685548,182.32592834472655,173.5516522216797,172.4441279824084,133.09632102479327,218.86288600994448,False,True,True,False,False,True,True,True,False,7.448808448852118,ppv,152.31652614012455,False,False,False,False,,Banks,Private Sector Bank,70.7905544147844,True,False
BATAINDIA.NS,2026-09-18,638.2999877929688,653.4000091552734,681.3267178005642,675.3965588378907,676.9543359375,726.1646520996094,648.367841856163,577.3964738257137,1211.1010327277374,False,False,False,False,False,False,False,False,False,-46.3144087802441,ppv,259.4683830122169,False,False,False,False,,Consumer Durables,Footwear,10.523613963039015,False,False
BELRISE.NS,2026-09-18,240.17999267578125,230.53987248738608,236.0743751525879,234.76148620605468,217.97683359781902,206.31490272521972,231.14308157095553,142.2460279440868,267.55305639788776,True,True,True,True,True,True,True,True,False,55.9533389437991,ppv,259.3415654861694,False,False,False,False,,Auto Components,Auto Components & Equipments,90.70841889117042,True,True
BEML.NS,2026-09-18,2135.0,2051.0166829427085,1931.5750054253472,1893.532001953125,1777.4739868164063,1772.6052252197267,2034.4588023289054,1353.2059555406986,2269.4722530370836,True,True,False,True,True,True,True,True,False,-2.7344372163213837,ppv,332.551673830567,True,False,False,False,,"Agricultural, Commercial & Construction Vehicles",Construction Vehicles,61.960985626283374,False,False
BERGEPAINT.NS,2026-09-18,458.6499938964844,466.15416208902997,505.136228773329,502.56166381835936,483.636874593099,490.35258514404296,462.40026942133045,388.1693207725482,590.094751424942,False,False,False,True,False,False,True,False,False,-13.680243681887482,ppv,326.8180751814941,True,False,False,False,,Consumer Durables,Paints,48.6652977412731,False,False
BHARTIHEXA.NS,2026-09-18,1540.0999755859375,1525.75,1558.2527804904514,1570.5957006835938,1535.917813313802,1573.4655194091797,1527.3944289561746,1414.4376742506906,1934.317756973946,False,False,False,False,False,False,True,True,False,-9.80450456349995,ppv,219.61467811012884,False,False,False,False,,Telecom - Services,Telecom - Cellular & Fixed line services,53.90143737166324,False,False
BIOCON.NS,2026-09-18,385.0,389.37082926432294,408.6041658189562,415.5850006103516,400.0203629557292,395.0828303527832,387.7127739124294,336.647387893357,447.1499938964844,False,True,False,True,False,False,True,False,False,4.630949253034178,ppv,171.90923093845592,False,False,False,False,,Pharmaceuticals & Biotechnology,Pharmaceuticals,68.22381930184805,False,False
BIRLACORPN.NS,2026-09-18,823.5999755859375,838.625010172526,875.20972527398,898.2668701171875,925.6385847981771,957.8790365600586,829.9651806379229,759.7237180556469,1328.8254130627743,False,False,False,False,False,False,False,False,False,-35.4151897139573,ppv,142.04226883159978,False,False,False,False,,Cement & Cement Products,Cement & Cement Products,21.509240246406574,False,False
FIRSTCRY.NS,2026-09-18,172.14999389648438,173.05083465576172,191.89277776082358,197.4713998413086,216.8989995320638,232.8832494354248,172.78441853228082,163.3699951171875,395.3500061035156,False,False,False,False,False,False,False,False,False,-55.853317474680075,ppv,266.049528785726,False,False,False,False,,Retailing,E-Retail/ E-Commerce,5.3901437371663246,False,False
BIRET.NS,2026-09-16,340.2799987792969,339.7333348592122,340.4512651231554,338.8068780517578,327.8036104329427,327.03410675048826,338.94545854123567,297.3551493236578,363.3815591077404,True,True,True,True,True,False,True,True,False,9.932129797326006,ppv,171.88868419153428,False,False,False,False,,Realty,Real Estate Investment Trusts (REITs),73.1006160164271,True,False
CARRARO.NS,2026-09-18,524.6500244140625,532.0125045776367,526.1648661295573,530.6640502929688,526.6827899169922,526.2962295532227,527.3417061181165,410.819196371416,659.2363858620107,False,True,False,True,False,False,True,False,False,18.798373586768278,ppv,124.75215376556275,False,False,False,False,,Auto Components,Auto Components & Equipments,78.54209445585215,True,False
CASTROLIND.NS,2026-09-18,197.13999938964844,189.4966672261556,187.1352081298828,184.73007690429688,179.2431265258789,178.37733459472656,190.291223919811,164.60383017436243,197.85000610351562,True,True,True,True,True,False,True,True,False,2.995714679186867,ppv,393.5756090861295,True,False,True,False,,Petroleum Products,Lubricants,66.83778234086243,False,False
CEMPRO.NS,2026-09-16,1235.0999755859375,1260.6666768391926,1278.191670735677,1353.3300024414064,1010.7592810058594,941.0791207885742,1250.1604597597086,502.01526853255285,1649.199951171875,True,True,True,True,False,True,False,False,False,49.87421037086017,ppv,119.8774759147943,False,True,False,False,,Construction,Civil Construction,89.5277207392197,True,False
CENTRALBK.NS,2026-09-18,31.729999542236328,30.802499612172443,30.947777695126003,31.152800025939943,33.077973213195804,33.9113729763031,30.810195180598377,29.31999969482422,40.260706628503506,False,False,False,False,True,False,True,True,False,-13.483532669582987,ppv,724.0105574426847,True,False,False,False,,Banks,Public Sector Bank,48.870636550308014,False,False
CERA.NS,2026-09-16,5646.0,5671.791666666667,5855.041666666667,5939.33,5564.92494140625,5457.8933618164065,5652.720939897839,4410.181828561342,6663.070811519553,True,True,False,True,False,False,True,False,False,-9.618823533825738,ppv,103.20265851107493,False,False,False,False,,Consumer Durables,Sanitary Ware,54.41478439425052,False,False
CLEAN.NS,2026-09-18,851.9000244140625,839.1085205078125,814.9945780436198,794.8756787109374,769.9491776529948,791.5126885986328,835.5021803476375,648.9423872407145,1203.3362408876044,True,False,False,True,True,True,False,True,False,-28.24006404011041,ppv,210.33698914018416,False,False,False,False,,Chemicals & Petrochemicals,Specialty Chemicals,29.82546201232033,False,False
CMRGREEN.NS,2026-09-18,,,,,,,,,,False,False,False,False,False,False,False,False,False,,ppv,259.5289565188138,False,False,False,False,,Industrial Products,"Aluminium, Copper & Zinc Products",,False,False
COLPAL.NS,2026-09-16,1860.0,1826.4583435058594,1921.3916727701824,1962.6840112304687,2017.4685237630208,2036.9653814697265,1828.9725217829634,1761.237851420491,2326.3191128118538,False,False,False,False,False,False,True,True,False,-19.25118771945147,ppv,379.6454503300675,False,False,False,False,,Personal Products,Personal Care,42.299794661190965,False,False
COMPUSOFT.NS,2026-09-18,13.630000114440918,13.099999984105429,13.089884413613213,13.05138563156128,13.28031935373942,13.762784976959228,13.11959976632065,11.77744777373263,20.119808275141764,False,False,False,False,True,False,False,True,True,-29.926255354905173,ppv,876.5938496156011,False,False,False,False,,Other Consumer Services,Education,27.618069815195074,False,False
CEWATER.NS,2026-09-18,279.25,271.75416564941406,271.1055560641819,280.62200134277344,294.1820007324219,326.4495004272461,271.32016914118435,235.0,539.9000244140625,False,False,False,False,False,False,False,True,True,-45.18598619907033,ppv,533.7644524891458,True,False,False,False,,Other Utilities,Waste Management,11.498973305954825,False,False
CONFIPET.NS,2026-09-18,91.94999694824219,86.29583358764648,80.40944480895996,79.21580032348633,62.60980018615723,55.51595016479492,86.92041841504695,28.059999465942383,92.61000061035156,True,True,True,True,True,True,True,True,False,88.59243060540682,ppv,151.81419396137244,False,False,True,False,,Gas,LPG/CNG/PNG/LNG Supplier,95.37987679671458,True,True
CONCOR.NS,2026-09-18,504.54998779296875,500.0499979654948,510.2374538845486,505.7718798828125,487.9875762939453,492.5059672546387,498.33281390474326,420.16557890015895,556.6591363218392,True,False,False,True,False,False,True,True,False,-8.739124434901168,ppv,114.5150320579289,False,False,False,False,,Transport Services,Logistics Solution Provider,55.544147843942504,False,False
CONTROLPR.NS,2026-09-16,591.5,591.0249989827474,583.7000020345052,596.4119995117187,617.4378153483073,632.8597131347656,587.897156551151,512.2003645119609,885.1828036505703,False,False,False,False,False,False,False,True,False,-23.120939829553166,ppv,84.04368325595931,False,False,False,False,,IT - Hardware,Computers Hardware & Equipments,37.62833675564682,False,False
COOLCAPS.NS,2026-09-16,25.149999618530273,24.045833269755047,21.94166660308838,21.911999931335448,24.959999936421713,35.071749992370606,24.344397795831323,19.0,99.5,False,False,False,False,True,True,False,True,False,-70.00596293833875,ppv,94.46693657219973,False,False,False,False,,Industrial Products,Packaging,1.48870636550308,False,False
CPCAP.NS,2026-09-16,140.77000427246094,129.51250203450522,122.52250056796603,119.10600036621094,102.66913350423177,104.33720016479492,133.12422690058918,73.51000213623047,149.0,True,False,False,True,True,True,True,True,False,-3.963704111076649,ppv,113.9209027920697,False,False,False,False,,Finance,Non Banking Financial Company (NBFC),60.62628336755647,False,False
CRAFTSMAN.NS,2026-09-18,11138.0,11382.666666666666,10823.763888888889,10403.2275390625,8896.248199869791,8526.448425292969,11298.974402313432,6316.2925601072975,11999.0,True,True,True,True,True,True,True,False,False,69.21989832098541,ppv,346.19135316203835,False,True,False,False,,Auto Components,Auto Components & Equipments,93.27515400410678,True,True
CRAVATEX.NS,2026-09-17,,,,,,,,,,False,False,False,False,False,False,False,False,False,,ppv,,False,False,False,False,,Commercial Services & Supplies,Trading & Distributors,,False,False
CREST.NS,2026-09-16,359.95001220703125,361.6166687011719,366.7250010172526,367.925859375,359.8977783203125,363.6586441040039,360.31807867615294,297.3310024635267,416.8518141052093,False,False,False,True,False,False,True,False,False,-4.0062758518143005,ppv,284.47490865220215,False,False,False,False,,Finance,Non Banking Financial Company (NBFC),60.52361396303901,False,False
CSM.NS,2026-09-18,,,,,,,,,,False,False,False,False,False,False,False,False,False,,ppv,1262.3049536991282,False,False,True,False,,IT - Software,Computers - Software & Consulting,,False,False
DSKULKARNI.NS,2026-09-16,21.84000015258789,19.990833441416424,15.791666666666666,15.164000053405761,14.088000144958496,13.953500156402589,20.27776918395508,8.600000381469727,21.84000015258789,True,True,True,True,True,True,True,True,False,61.18081066538665,ppv,105.42168674698796,False,False,True,False,,Realty,"Residential, Commercial Projects",91.73511293634496,True,True
DBEIL.NS,2026-09-17,7.050000190734863,6.871666669845581,6.89499999417199,7.120399980545044,7.57388669013977,8.38460001707077,6.907198558204629,5.151000022888184,18.559999465942383,False,False,False,False,False,True,False,True,False,-49.93544906530667,ppv,411.94022209074774,False,False,False,False,,Construction,Civil Construction,8.41889117043121,False,False
DHANUKA.NS,2026-09-16,961.8499755859375,987.8458353678385,1000.173607720269,1006.583857421875,1038.8471354166666,1067.601815185547,980.1540776976418,887.8900230030476,1617.2853743124303,False,False,False,False,False,False,False,False,False,-38.905646587641385,ppv,118.47843396665564,False,False,False,False,,Fertilizers & Agrochemicals,Pesticides & Agrochemicals,17.915811088295687,False,False
DBL.NS,2026-09-16,406.20001220703125,399.1374994913737,417.58194647894965,416.5130010986328,432.0653340657552,439.26725036621093,401.9078357673139,381.54998779296875,585.0,False,False,False,False,False,False,False,True,False,-21.97463863692053,ppv,40.95594373422647,False,False,False,False,,Construction,Civil Construction,38.96303901437372,False,False
DRREDDY.NS,2026-09-18,1185.0,1153.8916625976562,1170.066667344835,1177.422001953125,1247.5659627278646,1244.3693334960938,1158.7872723786427,1101.0,1405.9838095385528,False,True,False,False,True,False,True,True,False,-9.065514847840195,ppv,160.39315046718815,False,False,False,False,,Pharmaceuticals & Biotechnology,Pharmaceuticals,54.92813141683778,False,False
EIHOTEL.NS,2026-09-18,317.8999938964844,292.78333282470703,300.6180538601345,309.35040405273435,312.9565736897786,321.99636947631836,296.2172076967747,269.9251049923642,412.08004369538395,False,False,False,False,True,False,True,True,False,-20.531895083258846,ppv,540.4464391415485,True,False,False,False,,Leisure Services,Hotels & Resorts,41.016427104722794,False,False
EIMCOELECO.NS,2026-09-16,2277.10009765625,2250.183308919271,2071.7250061035156,1999.5880053710937,1742.2628694661457,1706.2020428466797,2255.1647591015744,1401.8188379398755,2373.76648551747,True,True,True,True,True,True,True,True,False,6.288634605575472,ppv,116.24374164938563,False,False,False,False,,Industrial Manufacturing,Industrial Products,69.55852156057495,False,False
EMIL.NS,2026-09-18,196.27999877929688,184.39416885375977,177.81000137329102,164.48740112304688,127.61313374837239,120.89845024108887,186.23596949871637,84.9000015258789,202.86000061035156,True,True,True,True,True,True,True,True,False,28.1619370562721,ppv,217.75720602170995,False,False,True,False,,Retailing,Diversified Retail,83.0082135523614,True,True
EMCURE.NS,2026-09-18,2003.800048828125,1942.0666910807292,1922.1374884711372,1903.6602319335936,1729.923798014323,1663.5069262695313,1947.5156272087174,1257.554251234414,2100.699951171875,True,True,True,True,True,True,True,True,False,49.72756457617082,ppv,985.5814801600742,False,False,False,False,,Pharmaceuticals & Biotechnology,Pharmaceuticals,89.47638603696099,True,True
EMPOWER.NS,2026-09-17,,,,,,,,,,False,False,False,False,False,False,False,False,False,,ppv,,False,False,True,False,,IT - Software,Computers - Software & Consulting,,False,False
EQUIPPP.NS,2026-09-16,24.389999389648438,23.139166514078777,22.98555548985799,23.268399963378908,19.33479999542236,19.647049989700317,23.400768705886364,13.850000381469727,25.889999389648438,True,False,True,True,True,True,True,True,False,34.45424592222728,ppv,176.57284400003792,False,False,False,False,,IT - Software,Computers - Software & Consulting,85.06160164271047,True,False
EXIDEIND.NS,2026-09-18,435.8500061035156,418.9416681925456,446.8638899061415,443.10200134277346,381.4280537923177,373.41672012329104,422.02698703037925,285.6312149356571,496.3999938964844,True,True,True,True,False,True,True,True,False,3.0080333227718636,ppv,133.32679816819768,False,False,False,False,,Auto Components,Auto Components & Equipments,66.88911704312115,False,False
FEDDERSHOL.NS,2026-09-18,,,,,,,,,,False,False,False,False,False,False,False,False,False,,ppv,,False,False,True,False,,Finance,Non Banking Financial Company (NBFC),,False,False
FONEBOX.NS,2026-09-16,132.5500030517578,110.49583371480306,98.73611132303874,92.3950001525879,80.70733337402343,82.97775016784668,116.5127386862474,57.0,136.5,True,False,False,True,True,True,True,True,False,39.67334132825264,ppv,447.01986754966885,False,False,True,False,,Retailing,Speciality Retail,87.06365503080082,True,False
FROG.NS,2026-09-16,290.95001220703125,261.43333435058594,230.04722171359592,217.41199951171876,177.72166610717773,171.90899974822997,262.72566626642316,123.5,301.5,True,True,False,True,True,True,True,True,False,17.793527209324388,ppv,344.88503832055983,True,True,True,False,,Telecom -  Equipment & Accessories,Telecom -  Equipment & Accessories,78.13141683778234,True,False
GMBREW.NS,2026-09-17,937.0499877929688,916.0291748046875,900.2972225613064,903.1779992675781,939.6957889811198,962.7312921142578,915.0516308627714,691.7459767545146,1315.8571912096693,False,False,False,False,True,True,False,True,False,30.384683652558376,ppv,137.70358494258477,False,False,False,False,,Beverages,Breweries & Distilleries,83.72689938398358,True,False
GNFC.NS,2026-09-17,584.8499755859375,564.8550669352213,550.2975429958767,532.8099224853515,484.76014587402346,479.61738037109376,562.4525805714452,351.9886096859767,599.0,True,True,True,True,True,True,True,True,False,19.44247773490906,ppv,1185.3916211314197,True,False,False,False,,Chemicals & Petrochemicals,Commodity Chemicals,78.95277207392198,True,True
GANDHITUBE.NS,2026-09-16,900.9000244140625,895.5083363850912,891.3882208930122,880.1323498535156,850.7994901529947,822.3670007324218,893.2895047439582,669.702947656798,993.1722570600987,True,True,True,True,True,True,True,True,False,-2.7993909431438535,ppv,117.88766744931345,False,False,False,False,,Industrial Products,Iron & Steel Products,61.90965092402464,False,False
GRSE.NS,2026-09-18,2411.800048828125,2433.962605794271,2535.2979125976562,2551.9341552734377,2582.278672688802,2542.0241619873045,2412.292497904469,1958.0769611497133,3329.438873827357,False,True,False,False,False,False,False,False,False,-7.453219706036352,ppv,132.22540675760783,False,False,False,False,,Aerospace & Defense,Aerospace & Defense,57.4435318275154,False,False
GAYAPROJ.NS,2026-09-18,24.719999313354492,24.101666768391926,21.95138888888889,21.6742000579834,19.01079999287923,17.238250007629393,24.323869572191118,10.470000267028809,27.329999923706055,True,True,True,True,True,True,True,True,False,136.10313928262744,ppv,208.4879323514217,False,False,False,False,,Construction,Civil Construction,97.99794661190965,True,True
GEEKAYWIRE.NS,2026-09-17,33.459999084472656,29.338333288828533,25.09295442369249,24.706074829101563,24.297353070576985,25.8495378780365,29.4476405798282,18.287294585971885,37.07714696557637,True,False,False,False,True,True,True,True,False,-7.956913196776361,ppv,504.89322621078287,True,False,False,False,,Industrial Products,Iron & Steel Products,56.724845995893226,False,False
GLOBE.NS,2026-09-18,2.069999933242798,1.860833317041397,1.9647221995724573,2.016000006198883,2.286466674009959,2.395400008559227,1.875211865706094,1.75,3.2899999618530273,False,False,False,False,True,False,False,True,False,-5.04587752962925,ppv,607.4278702261864,True,False,False,False,,Textiles & Apparels,Other Textile Products,59.24024640657084,False,False
GSTL.NS,2026-09-16,10.949999809265137,11.449999888737997,13.754166576597425,14.559999980926513,21.916666609446207,20.246249947547913,11.398771781876038,5.949999809265137,37.650001525878906,False,True,True,False,False,True,False,False,False,13.471505099736557,ppv,305.62347188264056,True,False,False,False,,IT - Services,IT Enabled Services,76.28336755646818,True,False
GMMPFAUDLR.NS,2026-09-18,1467.0,1291.3416646321614,1093.1847212049697,1011.2662548828125,907.1397469075521,939.225329284668,1316.9180505607167,734.1152411860135,1475.0,True,False,False,True,True,True,True,True,False,28.493744549047385,ppv,293.91352998363607,False,False,True,False,,Industrial Manufacturing,Industrial Products,83.11088295687885,True,False
GOCLCORP.NS,2026-09-17,456.1499938964844,431.8208363850911,415.07222239176434,410.2620007324219,351.99333414713544,334.37000076293947,433.9605652652656,223.35000610351562,459.8999938964844,True,True,True,True,True,True,True,True,False,22.489259230031,ppv,445.2954898016717,True,False,True,False,,Chemicals & Petrochemicals,Explosives,80.80082135523614,True,True
GODAVARIB.NS,2026-09-17,243.30999755859375,238.50249989827475,246.24388885498047,252.58459899902343,281.49419921875,277.91284912109376,237.59379291130517,224.0,353.0,False,True,False,False,False,False,False,True,False,-17.530421121478334,ppv,282.2857646479541,False,True,False,False,,Diversified FMCG,Diversified FMCG,44.40451745379877,False,False
GODFRYPHLP.NS,2026-09-18,2018.0,1985.9916687011719,2102.706519232856,2093.9861157226565,2125.809157714844,2183.60506652832,1981.9477291330559,1805.6870625140934,3605.6238151898538,False,False,False,False,False,False,False,True,False,-42.33919703329383,ppv,109.7512292070304,False,False,False,False,,Cigarettes & Tobacco Products,Cigarettes & Tobacco Products,14.27104722792608,False,False
GOLDSTAR.NS,2026-09-16,8.600000381469727,7.841666618982951,7.479166666666667,7.43100001335144,7.320000028610229,7.097250018119812,7.98226537969743,4.5,9.949999809265137,True,True,False,True,True,True,True,True,False,-3.9106082151318833,ppv,190.11406844106463,False,False,False,False,,Auto Components,Auto Components & Equipments,60.78028747433265,False,False
GPTINFRA.NS,2026-09-18,118.95999908447266,112.31916618347168,113.9011116027832,115.42800033569335,115.85176559448242,113.13595386505126,113.11827011888195,95.40746885287561,150.0,True,True,True,False,True,False,True,True,False,-0.9705723218899953,ppv,1483.6890679846508,False,False,False,False,,Construction,Civil Construction,63.5523613963039,False,False
GFSTEELS.NS,2026-09-16,23.079999923706055,17.552499930063885,15.67333330048455,15.245199947357177,13.501333179473876,12.915949907302856,19.080495622188245,9.729999542236328,23.079999923706055,True,True,True,True,True,True,True,True,False,137.20453247217094,ppv,135.95811246135708,False,False,True,False,,Industrial Products,Iron & Steel Products,98.1006160164271,True,True
GREAVESCOT.NS,2026-09-17,191.72000122070312,192.25166702270508,197.74972195095486,211.75970458984375,182.61883015950522,181.02485343933105,191.27962246525982,119.01442505726769,269.68934059737177,True,True,False,True,False,True,False,True,False,-12.91605001710897,ppv,54.648807525538736,False,False,False,False,,Industrial Products,"Compressors, Pumps & Diesel Engines",49.89733059548255,False,False
GUJENERGY.NS,2026-09-18,244.63999938964844,247.00045903523764,254.09837171766492,257.08658996582034,321.7659684244792,340.2261241149902,244.8974997439315,237.552141653359,431.820880528865,False,False,False,False,False,False,False,False,False,-42.57687551852894,ppv,371.37924225684134,False,False,False,False,,Gas,LPG/CNG/PNG/LNG Supplier,14.168377823408623,False,False
GVKPIL.NS,2026-09-16,2.3299999237060547,2.1516666412353516,2.2577777571148343,2.321799988746643,2.698666672706604,2.8009000039100647,2.2104769321826283,2.0399999618530273,4.059999942779541,False,False,False,False,True,False,False,True,False,-38.35978991160158,ppv,291.49926618425724,False,False,False,False,,Power,Power Generation,18.68583162217659,False,False
HAPPYFORGE.NS,2026-09-16,2155.89990234375,2234.9332885742188,2099.2527669270835,1959.562705078125,1551.3618375651042,1435.3331274414063,2191.5861861911285,886.5215390100362,2470.0,True,True,True,True,True,True,True,False,False,128.0233444271329,ppv,163.82027370489268,False,True,False,False,,Industrial Products,Castings & Forgings,97.38193018480493,True,True
HAZOOR.NS,2026-09-18,,,,,,,,,,False,False,False,False,False,False,False,False,False,,ppv,,False,False,False,False,,Construction,Civil Construction,,False,False
HBLENGINE.NS,2026-09-17,756.75,710.5660247802734,700.0105828179253,707.8464636230469,738.3699076334635,759.0856420898438,717.7966157755448,612.1496526863262,1117.5593013063567,False,False,False,False,True,False,False,True,False,-13.487027127618267,ppv,571.5563369078169,True,False,False,False,,Industrial Products,Other Industrial Products,48.81930184804928,False,False
HILINFRA.NS,2026-09-18,43.91999816894531,43.32499980926514,44.67805544535319,44.754199829101566,48.19746660868327,50.36504987716675,43.3924752215452,40.099998474121094,91.30000305175781,False,False,False,False,False,False,False,True,False,-48.52320871303327,ppv,554.4272791812215,False,False,False,False,,Transport Infrastructure,"Road AssetsToll, Annuity, Hybrid-Annuity",9.137577002053387,False,False
HOMEFIRST.NS,2026-09-18,1241.300048828125,1204.3500061035156,1190.7805548773872,1199.607998046875,1131.743164876302,1128.599309387207,1200.701429275136,889.5428439967044,1311.570558920454,True,True,False,True,True,True,True,True,False,-3.743355497844836,ppv,474.355709555482,True,False,False,False,,Finance,Housing Finance Company,60.93429158110884,False,False
IOC.NS,2026-09-18,137.0,135.30916849772134,137.7499796549479,138.2261798095703,143.21262776692708,147.4422117614746,135.31809001560976,129.06965104614895,184.95879041358242,False,False,False,False,False,False,False,True,False,-1.968816490370795,ppv,127.75283986407592,False,False,False,False,,Petroleum Products,Refineries & Marketing,62.62833675564682,False,False
IRCTC.NS,2026-09-18,476.75,467.15833282470703,487.2277772691515,490.1239984130859,522.3518813069661,553.3068879699707,466.64414606488685,446.5,729.6617501297184,False,False,False,False,False,False,False,True,False,-34.3416599546322,ppv,199.02073937963925,False,False,False,False,,Leisure Services,"Tour, Travel Related Services",22.279260780287473,False,False
IRFC.NS,2026-09-18,81.5,81.21749941507976,84.8988889058431,85.85820007324219,94.40604888916016,100.09437786102295,80.93026129231141,78.16000366210938,135.7285614195044,False,False,False,False,False,False,False,True,False,-35.75477717923752,ppv,198.53549867222824,False,False,False,False,,Finance,Financial Institution,21.35523613963039,False,False
ICICIPRULI.NS,2026-09-17,490.5,476.9708302815755,497.79027557373047,500.3519989013672,527.2026733398437,557.8283224487304,477.4409560977815,455.29998779296875,704.3556293706895,False,False,False,False,False,False,False,True,False,-17.97996230876906,ppv,152.21269027451586,False,False,False,False,,Insurance,Life Insurance,43.94250513347023,False,False
IL&FSTRANS.NS,2026-09-16,1.9500000476837158,2.0816666384538016,2.103333317571216,2.1111999917030335,2.2655999890963234,2.394799993634224,2.0342708480648626,1.75,3.3399999141693115,False,False,False,False,False,False,False,False,False,-39.44099284603587,ppv,435.10575879099395,True,False,False,False,,Construction,Civil Construction,17.094455852156056,False,False
IMPEXFERRO.NS,2026-09-16,5.380000114440918,4.862499992052714,3.8780555526415506,3.4400000095367433,2.385600005785624,2.2377000045776367,4.963680099064373,1.2999999523162842,5.380000114440918,True,True,True,True,True,True,True,True,False,166.3366418435941,ppv,136.81927606127795,False,False,True,False,,Ferrous Metals,Ferro & Silica Manganese,98.76796714579056,True,True
INDIACEM.NS,2026-09-17,351.70001220703125,350.3999989827474,370.0722198486328,377.35599914550784,385.9133339436849,400.6052507019043,348.60370019020996,331.6499938964844,485.79998779296875,False,False,False,False,False,False,False,True,False,-13.448995465884783,ppv,611.194404464164,True,False,False,False,,Cement & Cement Products,Cement & Cement Products,48.97330595482546,False,False
IEML.NS,2026-09-17,41.349998474121094,41.38333320617676,41.72499974568685,41.852999954223634,57.612666575113934,64.80524997711181,41.380887726103126,37.79999923706055,199.60000610351562,False,False,False,False,False,False,False,False,False,-78.4467046345518,ppv,164.64032421479232,False,True,False,False,,Chemicals & Petrochemicals,Specialty Chemicals,0.7186858316221766,False,False
INDHOTEL.NS,2026-09-18,732.75,720.9583384195963,725.9763912624783,727.9690014648437,680.922792154948,686.0098074340821,722.1924031327903,562.4948988120375,787.940865936459,True,False,False,True,True,True,True,True,False,-5.886661770783618,ppv,181.1877539150149,False,False,False,False,,Leisure Services,Hotels & Resorts,58.52156057494866,False,False
INDTERRAIN.NS,2026-09-16,30.290000915527344,29.72333335876465,30.405833350287544,30.286599922180176,31.20873331705729,32.03199999809265,29.473196755348887,24.559999465942383,42.619998931884766,False,False,False,False,True,False,False,True,False,-7.821057964358702,ppv,606.8033752158876,False,False,False,False,,Textiles & Apparels,Garments & Apparels,57.08418891170432,False,False
INDOFARM.NS,2026-09-17,135.07000732421875,137.60250091552734,143.9738892449273,147.63559967041016,140.2550668334961,150.96245002746582,137.52613031854807,110.69999694824219,271.69000244140625,False,False,False,False,False,False,False,False,False,-47.845392851053184,ppv,66.44639857650928,False,False,False,False,,"Agricultural, Commercial & Construction Vehicles",Construction Vehicles,9.599589322381929,False,False
INDOMIM.NS,2026-09-18,,,,,,,,,,False,False,False,False,False,False,False,False,False,,ppv,,False,False,True,False,,Industrial Manufacturing,Industrial Products,,False,False
WAAREEINDO.NS,2026-09-18,267.95001220703125,260.0666643778483,283.9444440205892,305.703000793457,367.77366709391276,390.6572512054443,259.68385483236887,241.10000610351562,725.0,False,False,False,False,False,False,False,True,False,-44.47207149821929,ppv,305.98785829971587,True,False,False,False,,Electrical Equipment,Heavy Electrical Equipment,12.012320328542096,False,False
INDUSINDBK.NS,2026-09-18,966.2999877929688,982.5166676839193,1002.5375010172526,1006.83,932.3173828125,920.7395239257812,973.6637515289772,709.4508644993872,1077.8499755859375,True,True,True,True,False,True,True,False,False,31.601750205816593,ppv,362.30062125314623,True,True,False,False,,Banks,Private Sector Bank,84.08624229979466,True,False
INNOVANA.NS,2026-09-18,303.25,307.59166463216144,315.4527757432726,320.45499938964844,348.7063334147135,361.8817498779297,308.5715209151434,290.0,564.7999877929688,False,False,False,False,False,False,False,False,False,-42.18854121493416,ppv,313.2660588718707,True,False,False,False,,IT - Software,Computers - Software & Consulting,14.425051334702257,False,False
IKS.NS,2026-09-18,1779.9000244140625,1763.4249979654949,1780.4749993218315,1798.5200024414062,1644.1660034179688,1649.1015020751954,1761.2867734287438,1262.0,1933.0,True,False,True,True,False,True,True,True,False,14.839666841540389,ppv,312.96329229214587,True,False,False,False,,IT - Services,IT Enabled Services,76.8993839835729,True,False
IPCALAB.NS,2026-09-17,1970.300048828125,1960.7583312988281,1876.161882188585,1857.50748046875,1654.828868001302,1603.350055541992,1957.4154361478538,1247.2697331943216,2014.0,True,True,True,True,True,True,True,True,False,50.75414910901988,ppv,130.7134707737911,False,False,False,False,,Pharmaceuticals & Biotechnology,Pharmaceuticals,90.09240246406571,True,True
IRCON.NS,2026-09-18,109.8499984741211,113.13240750630696,120.89983134799533,122.66025131225587,133.10644388834635,139.5083122253418,111.85097236798194,106.80000305175781,185.56959723526165,False,False,False,False,False,False,False,False,False,-40.0555693777482,ppv,203.81032892510515,False,False,False,False,,Construction,Civil Construction,16.940451745379878,False,False
ITCHOTELS.NS,2026-09-18,158.8000030517578,155.9708340962728,162.2616661919488,164.14219940185546,162.33252014160155,169.1787671661377,155.99619264445775,136.40565982941717,241.7151903023464,False,False,False,False,False,False,False,True,False,-33.79398385118109,ppv,141.07954380930033,False,False,False,False,,Leisure Services,Hotels & Resorts,22.946611909650922,False,False
J&KBANK.NS,2026-09-16,147.66000366210938,146.76166915893555,151.11000061035156,159.0772006225586,141.87366704305012,131.97600028991698,146.71614016592196,97.3499984741211,201.75,True,True,True,True,False,True,False,True,False,44.93522540525543,ppv,71.42401721537418,False,False,False,False,,Banks,Private Sector Bank,88.347022587269,True,False
JISLJALEQS.NS,2026-09-18,30.420000076293945,29.96416648228963,29.213055504692925,29.630999946594237,31.598466606140136,33.44779997825623,29.773747083561624,26.110000610351562,59.0,False,False,False,False,True,False,False,True,False,-46.715712042409216,ppv,175.97327177787406,False,False,False,False,,Industrial Products,Plastic Products - Industrial,10.266940451745379,False,False
JINDALPHOT.NS,2026-09-16,1125.5999755859375,1031.7583262125652,1046.5527682834202,1064.4339916992187,1112.5389973958333,1196.6832489013673,1048.775575279723,971.0999755859375,1616.5999755859375,False,False,False,False,True,False,False,True,False,3.436870620494581,ppv,167.18920346431742,False,True,False,False,,Finance,Investment Company,67.14579055441479,False,False
JINDALPOLY.NS,2026-09-16,742.4000244140625,691.2958323160807,655.3263854980469,657.8929956054687,691.0173309326171,630.7409983825684,695.114052165512,365.0,1026.449951171875,True,True,True,False,True,True,False,True,False,24.579467499444107,ppv,1058.5634757394375,False,False,False,False,,Industrial Products,Packaging,81.77618069815195,True,False
JSL.NS,2026-09-18,750.9500122070312,745.8083292643229,730.6785312228733,728.75666015625,729.7248156738282,745.2997045898437,742.7072353722455,649.5262533837296,879.2203373423794,True,False,False,False,True,False,True,True,False,-0.7319983047033518,ppv,397.2630266965722,True,False,False,False,,Ferrous Metals,Iron & Steel,63.91170431211499,False,False
JSWINFRA.NS,2026-09-18,348.25,335.53333282470703,335.6125013563368,334.90200073242187,295.2512163289388,288.68010780334475,335.9057023565518,232.71809982894663,356.95001220703125,True,True,True,True,True,True,True,True,False,6.591492356702466,ppv,742.3973920407932,True,False,False,False,,Transport Infrastructure,Port & Port services,70.17453798767967,True,True
JUBLFOOD.NS,2026-09-18,500.0,477.40416717529297,486.61944410536023,469.46729064941405,460.4430069986979,480.4936145019531,480.52055064849753,407.64069289260294,633.1992004085787,True,False,False,False,True,False,True,True,False,-19.95818127635044,ppv,129.6558814981405,False,False,False,False,,Leisure Services,Restaurants,41.478439425051334,False,False
JUBLPHARMA.NS,2026-09-18,1065.4000244140625,997.2874959309896,933.7861124674479,948.5548718261718,930.4525354003906,953.2471459960938,1006.2304156574211,782.0015188448107,1178.6978642896322,True,False,False,False,True,True,True,True,False,-3.5992777255334896,ppv,108.75813535107677,False,False,False,False,,Pharmaceuticals & Biotechnology,Pharmaceuticals,61.03696098562629,False,False
JYOTICNC.NS,2026-09-18,1049.699951171875,1002.6041615804037,939.1111128065321,899.7850012207032,793.4843351236979,822.0437515258789,997.2137050639269,580.0999755859375,1065.0,True,False,False,True,True,True,True,True,False,11.693973697211458,ppv,337.9037007901296,True,False,True,False,,Industrial Manufacturing,Industrial Products,74.74332648870636,True,False
KANORICHEM.NS,2026-09-16,186.97000122070312,165.2324981689453,156.72111002604166,153.42039916992186,109.60426653544108,100.57184999465943,170.34960572557347,56.0,187.02000427246094,True,True,True,True,True,True,True,True,False,126.54792679774718,ppv,473.01269340895686,True,False,True,False,,Industrial Manufacturing,Industrial Products,97.27926078028747,True,True
KARMAENG.NS,2026-09-16,38.720001220703125,37.77000045776367,38.57805569966634,38.58860008239746,42.097866694132485,43.37219997406006,38.081634031128296,34.380001068115234,73.69999694824219,False,False,False,False,True,False,False,True,False,-25.10638172280433,ppv,1326.434585469141,False,False,False,False,,Power,Power Generation,34.18891170431211,False,False
KARURVYSYA.NS,2026-09-16,334.79998779296875,339.8874994913737,339.4611112806532,333.1381201171875,305.8889914957682,296.37815460205076,336.3839281281971,203.21947309421242,358.6499938964844,True,True,True,True,True,True,True,False,False,59.46117028613755,ppv,60.53128948367137,False,True,False,False,,Banks,Private Sector Bank,91.32443531827515,True,True
KIRLOSENG.NS,2026-09-17,2120.60009765625,2170.566680908203,2142.097215440538,2181.0674658203125,1867.168515625,1696.0231237792968,2133.0923943415396,862.2056409078928,2714.2611782271474,True,True,True,True,False,True,True,False,False,128.61099060780447,ppv,150.46087834513997,False,False,False,False,,Industrial Products,"Compressors, Pumps & Diesel Engines",97.48459958932239,True,False
KMCSHIL.NS,2026-09-17,,,,,,,,,,False,False,False,False,False,False,False,False,False,,ppv,,False,False,True,False,,Healthcare Services,Hospital,,False,False
KOPRAN.NS,2026-09-17,268.5899963378906,240.75249608357748,208.36421076456705,205.4547802734375,171.70824422200522,163.06945735931396,244.05323109498937,105.19368133041839,274.7799987792969,True,True,True,True,True,True,True,True,False,54.815001923499416,ppv,335.3324390687484,True,True,True,False,,Pharmaceuticals & Biotechnology,Pharmaceuticals,90.55441478439425,True,True
KREBSBIO.NS,2026-09-18,57.310001373291016,57.19666735331217,55.71250036027696,55.25700019836426,57.54180013020834,59.38780014038086,57.21341880091898,38.33000183105469,82.48999786376953,False,False,False,False,True,True,False,True,False,-23.310586379127084,ppv,491.1931874514413,False,False,False,False,,Pharmaceuticals & Biotechnology,Pharmaceuticals,37.37166324435318,False,False
KIMS.NS,2026-09-17,791.8499755859375,767.6874949137369,784.1888868543837,788.1379992675782,744.7030008951823,717.0277499389648,771.7407472071934,575.7999877929688,858.0,True,True,True,True,True,True,True,True,False,6.581864536705839,ppv,196.8837534479022,False,False,False,False,,Healthcare Services,Hospital,70.12320328542094,True,True
KRYSTAL.NS,2026-09-16,655.5999755859375,641.2352294921875,627.660898844401,619.6469641113281,596.817920328776,587.337995300293,634.0854920128114,498.79895915662905,694.3280976884497,True,True,True,True,True,True,True,True,False,2.3164621928177143,ppv,440.57266982821614,True,False,False,False,,Commercial Services & Supplies,Diversified Commercial Services,66.4271047227926,False,False
KUSUMGAR.NS,2026-09-18,,,,,,,,,,False,False,False,False,False,False,False,False,False,,ppv,,False,False,False,False,,Textiles & Apparels,Other Textile Products,,False,False
LANDMARK.NS,2026-09-16,475.1000061035156,492.52830505371094,516.7033649020725,509.18338500976563,437.6608660888672,442.79548828125,487.84070957106627,338.4315015855853,660.713959223187,True,False,False,True,False,True,False,False,False,-25.286093146203946,ppv,9.448399907548524,False,False,False,False,,Automobiles,Auto Dealer,33.932238193018485,False,False
LGHL.NS,2026-09-16,187.0399932861328,179.87749989827475,186.71833292643228,193.02180023193358,232.17566670735678,245.26825027465821,181.83541438038355,168.0,399.5833435058594,False,False,False,False,False,False,False,True,False,-50.83824642598429,ppv,247.83688949068554,False,False,False,False,,Consumer Durables,"Gems, Jewellery And Watches",7.854209445585216,False,False
IXIGO.NS,2026-09-18,165.64999389648438,163.35249964396158,171.93194325764975,178.88739868164063,176.43079925537108,190.67554908752442,162.6363453651633,151.27000427246094,339.1499938964844,False,False,False,False,False,False,False,True,False,-39.23331247704325,ppv,268.99553215042096,False,False,False,False,,Leisure Services,"Tour, Travel Related Services",17.35112936344969,False,False
LENSKART.NS,2026-09-18,,,,,,,,,,False,False,False,False,False,False,False,False,False,,ppv,291.39691532788703,False,False,True,False,,Retailing,Speciality Retail,,False,False
LGEINDIA.NS,2026-09-18,,,,,,,,,,False,False,False,False,False,False,False,False,False,,ppv,210.35354622892842,False,False,False,False,,Consumer Durables,Household Appliances,,False,False
LIBAS.NS,2026-09-17,12.0,10.78249986966451,10.251944409476387,10.306599998474121,10.968066654205323,10.905799999237061,11.081738839342545,9.020000457763672,14.300000190734863,True,True,False,False,True,True,True,True,False,-7.834104622903126,ppv,365.010572250097,False,False,False,False,,Textiles & Apparels,Garments & Apparels,56.98151950718686,False,False
LIKHITHA.NS,2026-09-16,227.3300018310547,211.0866673787435,215.83027860853406,221.88380126953126,207.58233418782552,200.31565063476563,215.7837885190877,131.4499969482422,272.0,True,True,False,True,True,True,True,True,False,-8.739463564450588,ppv,505.3359397973,False,False,False,False,,Construction,Civil Construction,55.49281314168378,False,False
LOKESHMACH.NS,2026-09-16,348.25,350.76666768391925,338.375001695421,336.82900085449216,271.205200398763,245.3742003631592,345.95192448379566,138.9600067138672,385.79998779296875,True,True,True,True,True,True,True,True,False,78.17856507422782,ppv,148.8183563503566,False,False,False,False,,Industrial Manufacturing,Industrial Products,94.50718685831622,True,True
MKEXIM.NS,2026-09-18,,,,,,,,,,False,False,False,False,False,False,False,False,False,,ppv,,False,False,True,False,,Retailing,Distributors,,False,False
MACPOWER.NS,2026-09-18,2104.5,1891.8399454752605,1811.543694390191,1678.7288427734375,1261.6290254720052,1181.3704760742187,1915.2654252289417,760.3935313115157,2149.0,True,True,True,True,True,True,True,True,False,130.78878266263268,ppv,454.5828217645177,True,False,True,False,,Industrial Manufacturing,Industrial Products,97.68993839835728,True,True
MAGNUM.NS,2026-09-18,19.190000534057617,18.97166681289673,19.22555579079522,19.23780017852783,20.012000058492024,20.576050052642824,18.966107544437588,16.25,29.25,False,False,False,False,False,False,False,True,False,-33.66747206489178,ppv,231.03737122509696,False,False,False,False,,"Paper, Forest & Jute Products",Paper & Paper Products,23.151950718685832,False,False
MAHLIFE.NS,2026-09-17,363.70001220703125,358.3666636149089,373.2861082288954,374.1419982910156,351.62114095052084,358.6375340270996,357.2128298721761,284.10304615801056,423.03422522089073,True,False,False,True,False,False,True,True,False,-4.112678839496587,ppv,67.54146342384976,False,False,False,False,,Realty,"Residential, Commercial Projects",60.36960985626283,False,False
MANGALAM.NS,2026-09-18,34.2599983215332,32.403333028157554,29.815555625491672,29.151800003051758,29.504599939982096,30.368549938201905,33.09135089597763,22.799999237060547,77.5999984741211,True,False,False,False,True,True,False,True,False,-54.356515539733444,ppv,323.01111731951215,True,False,False,False,,Pharmaceuticals & Biotechnology,Pharmaceuticals,6.3141683778234095,False,False
MWL.NS,2026-09-18,42.52000045776367,39.56666692097982,40.09583314259847,39.05647964477539,34.38125996907552,32.60665043830872,40.21743240430122,19.98028894668577,48.0,True,True,True,True,True,True,True,True,False,74.26520123566982,ppv,188.57487659692364,False,False,False,False,,Metals & Minerals Trading,Trading - Metals,94.14784394250513,True,True
MANUGRAPH.NS,2026-09-18,18.09000015258789,15.137500047683716,15.429444524976942,15.139200038909912,14.636533323923747,14.930249996185303,15.542393703310308,9.649999618530273,24.0,True,False,False,True,True,True,True,True,False,-19.241069372059094,ppv,2391.5118857365505,True,False,False,False,,Industrial Manufacturing,Industrial Products,42.351129363449694,False,False
MARC.NS,2026-09-17,,,,,,,,,,False,False,False,False,False,False,False,False,False,,ppv,207.63187429854096,False,False,True,False,,Commercial Services & Supplies,Consulting Services,,False,False
MAXPOSURE.NS,2026-09-16,37.650001525878906,30.608333269755047,31.788888931274414,32.530999908447264,35.11333334604899,37.29574995994568,31.649495079845018,28.5,61.20000076293945,True,False,False,False,True,True,False,True,False,-34.5786237619385,ppv,386.0294117647059,True,False,False,False,,Entertainment,Media & Entertainment,22.073921971252567,False,False
MBECL.NS,2026-09-16,364.260009765625,270.2108376820882,133.67028024461536,114.55460220336914,81.78486841837565,77.68865169525147,287.8890161380394,65.4000015258789,364.260009765625,True,True,False,True,True,True,True,True,False,456.9724790013753,ppv,2439.9425386825433,True,False,True,False,,Construction,Civil Construction,99.84599589322382,True,False
MINDSPACE.NS,2026-09-18,505.5799865722656,497.6791687011719,494.50089687771265,492.12995178222656,468.99659912109377,468.36888000488284,497.6530149372255,406.1813134441438,508.70001220703125,True,True,True,True,True,False,True,True,False,18.713353618050267,ppv,368.0453727949559,True,False,True,False,,Realty,Real Estate Investment Trusts (REITs),78.49075975359344,True,False
MONARCH.NS,2026-09-16,368.95001220703125,375.31667073567706,381.827759636773,375.6283148193359,326.8734133911133,319.89483741760256,373.67397026363756,234.84913080056816,405.91149198853304,True,True,True,True,False,True,True,False,False,14.368515911074908,ppv,109.32093472898086,False,False,False,False,,Capital Markets,Stockbroking & Allied,76.74537987679672,True,False
MOTISONS.NS,2026-09-18,18.299999237060547,16.43666664759318,15.773611227671305,15.303000049591065,14.080466683705648,14.097900013923645,16.764904563070058,10.619999885559082,19.989999771118164,True,False,False,True,True,True,True,True,False,-5.082994889433634,ppv,225.47417552687637,False,False,False,False,,Consumer Durables,"Gems, Jewellery And Watches",59.18891170431212,False,False
MRF.NS,2026-09-18,125670.0,128259.16666666667,131520.27777777778,131720.10625,131867.67453125,135646.015,127643.53970180266,121787.43505408362,163308.4863287346,False,False,False,False,False,False,True,False,False,-16.56548840675569,ppv,190.41626958058458,False,False,False,False,,Auto Components,Tyres & Rubber Products,45.37987679671458,False,False
MUTHOOTCAP.NS,2026-09-16,234.02000427246094,236.79583485921225,243.85972213745117,237.16260040283203,216.31906717936198,228.10430046081544,234.24903337143877,175.25,303.0,True,False,False,True,False,True,True,False,False,-15.653273030733605,ppv,170.74626806565115,False,False,False,False,,Finance,Non Banking Financial Company (NBFC),46.765913757700204,False,False
NAGREEKCAP.NS,2026-09-18,28.190000534057617,24.59833335876465,23.551111115349663,23.494400062561034,25.768000055948892,26.14835003852844,25.55381648793078,19.299999237060547,42.75,True,False,False,False,True,True,False,True,False,4.562320071788761,ppv,569.984334308871,False,False,False,False,,Finance,Investment Company,68.06981519507187,False,False
NAVA.NS,2026-09-18,562.2999877929688,554.9749959309896,563.1072472466362,565.7435424804687,589.8502811686197,581.6085266113281,554.3241626114691,497.0066711243156,732.5560380476754,False,True,False,False,False,False,True,True,False,-19.105902364658345,ppv,240.44933570511694,False,False,False,False,,Power,Power Generation,42.45379876796714,False,False
NAVINFLUOR.NS,2026-09-18,8590.0,8529.208333333334,8330.680555555555,8138.1,7226.94318359375,6918.317546386719,8449.95682221082,4488.291781017636,8949.5,True,True,True,True,True,True,True,True,False,73.26498591262707,ppv,137.73175428683447,False,False,False,False,,Chemicals & Petrochemicals,Specialty Chemicals,94.0965092402464,True,True
NHPC.NS,2026-09-18,76.94999694824219,76.16666603088379,76.68729337056477,77.36683166503906,77.45362859090169,77.3509593963623,76.12407969371733,71.42454681386315,87.39771312453149,False,True,False,False,False,False,True,True,False,-9.800838157270253,ppv,162.38642728829615,False,False,False,False,,Power,Power Generation,53.95277207392197,False,False
NITTAGELA.NS,2026-09-16,,,,,,,,,,False,False,False,False,False,False,False,False,False,,ppv,109.65202692175863,False,True,False,False,,Chemicals & Petrochemicals,Specialty Chemicals,,False,False
NOCIL.NS,2026-09-18,194.55999755859375,184.24166615804037,172.3888897365994,169.9063070678711,165.07540639241537,160.29125995635985,185.27671168407736,124.15050882479248,202.60776684401816,True,True,False,True,True,True,True,True,False,8.339989866718378,ppv,153.45677623789032,False,False,False,False,,Chemicals & Petrochemicals,Specialty Chemicals,71.66324435318275,True,False
NTPCGREEN.NS,2026-09-18,88.55000305175781,87.82500139872234,90.07805591159396,90.93840072631836,96.69986689249674,95.2710001373291,87.87550884328577,84.0,119.94999694824219,False,True,False,False,False,False,False,True,False,-14.68349333205331,ppv,85.649920643191,False,False,False,False,,Power,Power Generation,47.79260780287474,False,False
OBCL.NS,2026-09-16,56.97999954223633,55.556666692097984,54.504444652133515,54.12560012817383,55.07659998575846,55.137050037384036,55.929330553929496,46.5099983215332,62.0,True,False,False,False,True,False,True,True,False,0.10541351936259602,ppv,132.72855344361835,False,False,False,False,,Transport Services,Logistics Solution Provider,64.83572895277207,False,False
OILCOUNTUB.NS,2026-09-16,63.0,63.8208335240682,60.53972212473551,59.115399856567386,54.693533223470055,55.47544994354248,62.541554388109006,35.650001525878906,83.5999984741211,True,False,False,True,True,True,True,True,False,-23.793393739706502,ppv,219.04948289099312,False,False,False,False,,Oil,Oil Equipment & Services,36.601642710472284,False,False
ONDOOR.NS,2026-09-16,280.45001220703125,290.42916615804035,271.42222128974066,255.83699951171874,194.66499959309897,175.8222497558594,286.4929278254991,100.0,340.0,True,True,True,True,True,True,True,False,False,68.69173666588347,ppv,78.38133430550492,False,False,False,False,,Retailing,Diversified Retail,93.06981519507187,True,True
KISSHT.NS,2026-09-17,,,,,,,,,,False,False,False,False,False,False,False,False,False,,ppv,172.9146445894817,False,False,True,False,,Finance,Other Financial Services,,False,False
ORIANA.NS,2026-09-17,269.7699890136719,573.6474889119467,1079.539448208279,1181.6424041748046,1609.207798461914,1720.558599090576,452.315690797682,240.1999969482422,3064.0,False,False,False,False,False,False,False,False,False,-89.10086258782859,ppv,599.230059052032,True,False,False,False,,Electrical Equipment,Other Electrical Equipment,0.20533880903490762,False,False
ORIENTCEM.NS,2026-09-18,124.55000305175781,125.40833218892415,130.60611067877875,132.2969999694824,137.30280314127603,144.17540153503418,124.73803106223389,120.5999984741211,236.37657618219657,False,False,False,False,False,False,False,False,False,-45.346287548984066,ppv,912.7052033236724,False,False,False,False,,Cement & Cement Products,Cement & Cement Products,11.242299794661191,False,False
PAISALO.NS,2026-09-18,89.51000213623047,81.64006169637044,73.14076487223308,72.75352920532227,55.60151590983073,50.49768251419067,83.2610037866989,29.963878249866504,92.75,True,True,True,True,True,True,True,True,False,118.23656891652976,ppv,175.83002279756127,False,True,True,False,,Finance,Non Banking Financial Company (NBFC),97.02258726899385,True,True
PARSVNATH.NS,2026-09-16,1.7799999713897705,1.6175000071525574,1.5927777753935919,1.7522000002861022,4.48126668214798,5.953350014090538,1.6603417221535735,1.350000023841858,18.75,False,False,False,False,True,True,False,True,True,-86.70649794062619,ppv,701.1966752628346,True,False,False,False,,Realty,"Residential, Commercial Projects",0.25667351129363447,False,False
PASUPTAC.NS,2026-09-17,70.30999755859375,67.68333435058594,63.47555605570475,62.21820037841797,57.285266672770184,55.532149925231934,67.82388756314042,40.40999984741211,78.94999694824219,True,True,True,True,True,True,True,True,False,50.29927189675429,ppv,262.9286604349201,False,True,False,False,,Chemicals & Petrochemicals,Petrochemicals,89.78439425051334,True,True
PWL.NS,2026-09-18,,,,,,,,,,False,False,False,False,False,False,False,False,False,,ppv,162.07511607101117,False,False,False,False,,Other Consumer Services,E-Learning,,False,False
PNBGILTS.NS,2026-09-16,77.91000366210938,79.51416714986165,80.18916681077745,82.12160003662109,79.31673319498698,79.62189971923829,79.14053882785208,58.599998474121094,106.0,False,False,False,True,False,True,False,False,False,-22.838464177284244,ppv,150.84926311252232,False,False,False,False,,Finance,Investment Company,37.98767967145791,False,False
POCL.NS,2026-09-16,452.8999938964844,468.14166768391925,493.4125010172526,510.3357995605469,503.5036661783854,511.7581500244141,463.0970291758364,392.20001220703125,647.5999755859375,False,False,False,False,False,False,False,False,False,-7.887243604982075,ppv,235.05306182700173,False,False,False,False,,Diversified Metals,Diversified Metals,56.827515400410675,False,False
POONAWALLA.NS,2026-09-18,479.3999938964844,453.5458348592122,472.42777760823566,472.08800048828124,437.67900044759114,441.4895002746582,453.88782256795946,361.20001220703125,570.4000244140625,True,False,False,True,True,True,True,True,False,7.224331771869941,ppv,569.3495537749777,True,False,False,False,,Finance,Non Banking Financial Company (NBFC),70.63655030800821,True,False
POWERGRID.NS,2026-09-18,270.29998779296875,266.85833231608075,269.67777676052515,274.16699951171876,290.35866658528647,283.8301932525635,266.91967562221873,247.224610170096,324.95001220703125,False,True,False,False,False,False,True,True,False,-3.209957544210529,ppv,204.6285170823832,False,False,False,False,,Power,Power - Transmission,61.39630390143738,False,False
PFOCUS.NS,2026-09-16,320.45001220703125,306.78333282470703,295.1830537584093,290.5623986816406,278.3946659342448,265.24724945068357,310.9374488196603,161.00999450683594,367.0,True,True,True,True,True,True,True,True,False,67.51176533976889,ppv,241.6787889809567,False,False,False,False,,Entertainment,Media & Entertainment,92.81314168377823,True,True
PNC.NS,2026-09-17,16.6299991607666,16.49833329518636,17.884999963972305,18.43220001220703,20.327066713968915,21.73100004196167,16.570194163030457,15.720000267028809,38.459999084472656,False,False,False,False,False,False,False,True,False,-53.417370293083074,ppv,858.7910844198236,False,False,False,False,,Entertainment,"Film Production, Distribution & Exhibition",6.724845995893223,False,False
PRITIKA.NS,2026-09-18,65.0,63.41249942779541,62.131944232516815,61.50999984741211,61.65233360290527,64.20674997329712,63.49876323438205,44.04999923706055,93.5,True,False,False,False,True,True,False,True,False,-24.855491329479772,ppv,490.1960784313726,False,False,False,False,,Auto Components,Auto Components & Equipments,34.70225872689938,False,False
QUINT.NS,2026-09-17,,,,,,,,,,False,False,False,False,False,False,False,False,False,,ppv,,False,False,True,False,,Media,Electronic Media,,False,False
RIR.NS,2026-09-18,,,,,,,,,,False,False,False,False,False,False,False,False,False,,ppv,,False,False,True,False,,Electrical Equipment,Other Electrical Equipment,,False,False
RMC.NS,2026-09-17,,,,,,,,,,False,False,False,False,False,False,False,False,False,,ppv,203.2159133251168,False,False,False,False,,Electrical Equipment,Other Electrical Equipment,,False,False
ROCKINGDCE.NS,2026-09-16,230.0,227.83333333333334,203.1180542839898,196.27999908447265,191.63533253987632,197.81699928283692,225.0329020985638,123.9000015258789,283.8500061035156,True,False,False,False,True,True,True,True,False,22.015915119363406,ppv,276.7662053896577,False,False,False,False,,Commercial Services & Supplies,Trading & Distributors,80.54414784394251,True,False
ROTO.NS,2026-09-17,63.349998474121094,64.20250002543132,65.57416682773166,66.19940002441406,62.03400006612142,62.34465015411377,63.89074855233984,47.5,85.27999877929688,True,False,False,True,False,True,False,False,False,-23.74819802851601,ppv,147.0385383079318,False,False,False,False,,Industrial Products,"Compressors, Pumps & Diesel Engines",36.70431211498973,False,False
RUBYMILLS.NS,2026-09-16,459.6000061035156,435.35686747233075,397.8497823079427,396.7767321777344,297.4793928019206,275.78526481628415,439.87520394426025,168.1055909008604,496.35008137501956,True,True,True,True,True,True,True,True,False,102.93355545274245,ppv,356.1786647637395,True,False,False,False,,Textiles & Apparels,Other Textile Products,96.45790554414785,True,True
SHOPERSTOP.NS,2026-09-17,413.29998779296875,385.5333302815755,400.7458318074544,396.00599975585936,350.60499877929686,361.40374923706054,391.12056451794894,275.95001220703125,572.0,True,False,False,True,True,True,False,True,False,-24.970499026827987,ppv,369.978276181584,False,False,False,False,,Retailing,Diversified Retail,34.44558521560575,False,False
SHREEKARNI.NS,2026-09-16,366.20001220703125,386.38333384195965,380.768054538303,389.03099853515624,409.6556654866536,426.1377491760254,378.78067249497224,317.1000061035156,712.0,False,False,False,False,False,False,False,False,False,-31.38467231944224,ppv,329.47462154942116,False,True,False,False,,Textiles & Apparels,Other Textile Products,25.924024640657084,False,False
SUPRAJIT.NS,2026-09-16,488.1499938964844,489.1708348592122,503.82019890679254,499.90855407714844,455.32994486490884,455.09274322509765,488.8404110633152,388.4010744012427,557.028538620579,True,True,True,True,False,False,True,False,False,10.554924839068235,ppv,230.5576819085208,False,False,False,False,,Auto Components,Auto Components & Equipments,73.4599589322382,True,False
SUPREMEENG.NS,2026-09-16,3.450000047683716,3.128333350022634,2.616111112965478,2.375,1.513799999554952,1.457449999153614,3.1940201194629845,0.6800000071525574,3.450000047683716,True,True,True,True,True,True,True,True,False,238.23530511735106,ppv,163.99448803441686,False,False,True,False,,Industrial Products,Iron & Steel Products,99.38398357289527,True,True
SPLPETRO.NS,2026-09-18,865.7000122070312,797.9791615804037,737.6416676839193,734.5242626953125,711.9465783691406,683.621475982666,804.435867225674,457.2664603074991,965.127357372077,True,True,True,True,True,True,True,True,False,9.025199746400636,ppv,438.9911448243456,True,False,True,False,,Chemicals & Petrochemicals,Petrochemicals,72.27926078028747,True,True
TEXRAIL.NS,2026-09-18,114.66000366210938,114.7592035929362,109.76722272237141,110.58676361083984,106.12732432047527,111.00428951263427,113.35582520836604,77.55295586446476,152.0256459449325,True,False,False,False,True,True,True,True,False,-21.813893677163787,ppv,117.16503167253056,False,False,False,False,,Industrial Manufacturing,Railway Wagons,39.168377823408626,False,False
ANUP.NS,2026-09-18,1638.300048828125,1714.4750162760417,1839.533226860894,1920.5076196289062,1908.439463704427,1950.6666015625,1687.489038682834,1413.1287937902684,2559.3896551627895,False,False,False,False,False,False,False,False,False,-28.704055101579407,ppv,97.45789318877092,False,False,False,False,,Industrial Manufacturing,Industrial Products,29.158110882956876,False,False
TIL.NS,2026-09-18,257.510009765625,248.65500259399414,242.57416831122504,236.02460144042968,212.49124542236328,223.90683395385742,248.91148182331173,161.25,371.95001220703125,True,False,False,True,True,True,False,True,False,-30.767575933754177,ppv,12.125381836434537,False,False,False,False,,"Agricultural, Commercial & Construction Vehicles",Construction Vehicles,26.642710472279262,False,False
TI.NS,2026-09-18,568.7000122070312,533.7064412434896,537.57654232449,511.95918640136716,465.21558146158856,458.97476989746093,538.8228278252179,380.8184953584051,593.4101250631628,True,True,True,True,True,True,True,True,False,21.936136642665048,ppv,183.00128249999682,False,False,False,False,,Beverages,Breweries & Distilleries,80.49281314168378,True,True
TIMETECHNO.NS,2026-09-18,179.24000549316406,181.96901321411133,190.8188010321723,193.12981903076172,182.40624928792317,182.63031410217286,180.25458797872284,152.72234380182346,247.08292733306988,False,False,False,True,False,False,False,False,False,-24.162587233690903,ppv,101.43436828126578,False,False,False,False,,Industrial Products,Plastic Products - Industrial,35.8829568788501,False,False
TIMEX.NS,2026-09-18,,,,,,,,,,False,False,False,False,False,False,False,False,False,,ppv,1368.0550899139632,True,False,True,False,,Consumer Durables,"Gems, Jewellery And Watches",,False,False
TFCILTD.NS,2026-09-18,139.6199951171875,141.27249908447266,130.01128705342612,117.96989974975585,87.55402516682943,81.98177528381348,139.9736677368993,50.73462828916926,147.64999389648438,True,True,True,True,True,True,True,False,False,92.8948298208023,ppv,85.55459755175943,False,True,False,False,,Finance,Financial Institution,95.7905544147844,True,True
TOYAMSL.NS,2026-09-17,,,,,,,,,,False,False,False,False,False,False,False,False,False,,ppv,,False,False,True,False,,Finance,Other Financial Services,,False,False
TREL.NS,2026-09-17,29.770000457763672,27.1349999109904,26.46111101574368,25.95059989929199,25.631666653951008,25.815049991607665,27.326662818848778,21.469999313354492,33.5099983215332,True,False,False,True,True,True,True,True,False,-7.775707609825,ppv,559.8821175946468,True,False,False,False,,Transport Services,Logistics Solution Provider,57.13552361396304,False,False
TRIDENT.NS,2026-09-18,23.219999313354492,23.56166664759318,24.238055388132732,24.50059989929199,24.651585998535158,25.034637718200685,23.436212840798294,21.533432302754022,30.31139406763905,False,False,False,False,False,False,True,False,False,-20.651016698267732,ppv,142.12517054797092,False,False,False,False,,Textiles & Apparels,Other Textile Products,40.503080082135526,False,False
TRUALT.NS,2026-09-17,,,,,,,,,,False,False,False,False,False,False,False,False,False,,ppv,113.00298808567366,False,False,False,False,,Agricultural Food & other Products,Other Agricultural Products,,False,False
TVSSCS.NS,2026-09-18,133.85000610351562,128.52166875203451,129.04500007629395,131.1493995666504,122.23080006917317,118.0100500869751,129.09131672620717,90.31999969482422,146.5,True,True,False,True,True,True,True,True,False,-0.6015130971080418,ppv,149.16207540384238,False,False,False,False,,Transport Services,Logistics Solution Provider,64.11704312114989,False,False
VTMLTD.NS,2026-09-16,,,,,,,,,,False,False,False,False,False,False,False,False,False,,ppv,,False,False,False,False,,Textiles & Apparels,Other Textile Products,,False,False
WAAREEENER.NS,2026-09-18,2560.699951171875,2568.5364379882812,2632.4029473198784,2667.7273681640627,2919.610852864583,2902.864920654297,2557.9346840857493,2401.1138768158653,3713.7978498601774,False,True,False,False,False,False,False,True,False,-26.746967807468348,ppv,181.83676933408023,False,False,False,False,,Electrical Equipment,Other Electrical Equipment,32.03285420944558,False,False
WCIL.NS,2026-09-17,95.20999908447266,86.44666608174641,87.12833319769965,88.67599975585938,96.21206654866536,101.54119983673095,88.59695543741759,77.0199966430664,147.2899932861328,False,False,False,False,True,False,False,True,False,-33.660816436624195,ppv,550.5770803803307,True,False,False,False,,Transport Services,Logistics Solution Provider,23.203285420944557,False,False
WIPRO.NS,2026-09-18,166.8300018310547,169.55333201090494,178.21444363064236,177.74214660644532,187.21047871907552,201.67403282165526,169.12547391528622,163.3000030517578,263.22052886625846,False,False,False,False,False,False,False,False,False,-32.630808593264035,ppv,202.8806831884521,False,False,False,False,,IT - Software,Computers - Software & Consulting,24.53798767967146,False,False
YASHOPTICS.NS,2026-09-16,130.60000610351562,121.35833358764648,117.04583337571886,116.66100006103515,118.17600011189779,118.93575019836426,122.18156669328546,97.5,153.5,True,False,False,False,True,True,True,True,False,-8.028164715834063,ppv,187.71331058020476,False,True,False,False,,Consumer Durables,Diversified consumer products,56.365503080082135,False,False
ZOTA.NS,2026-09-17,1118.800048828125,1104.0499877929688,1143.5055541992188,1195.8359985351562,1230.6106640625,1287.2329962158203,1104.8239286226187,1022.0,1740.0,False,False,False,False,False,False,False,True,False,-23.79698652048218,ppv,179.03226041586186,False,False,False,False,,Pharmaceuticals & Biotechnology,Pharmaceuticals,36.55030800821355,False,False
ZYDUSLIFE.NS,2026-09-18,1160.0,1129.2000020345051,1136.3916659884983,1134.1279125976562,1033.8036861165365,1001.6326705932618,1131.5280047330723,834.749872350541,1205.0,True,True,True,True,True,True,True,True,False,10.802352535131776,ppv,204.0662145951535,False,False,False,False,,Pharmaceuticals & Biotechnology,Pharmaceuticals,73.71663244353182,True,True
SPAL.NS,2026-09-16,978.2000122070312,1032.279556274414,998.3143581814236,1015.7644409179687,872.3318379720052,829.482201538086,1009.5006130306592,583.3482416694675,1216.655036812477,True,True,True,True,False,True,True,False,False,32.16164480867694,ppv,147.45941520099512,False,False,False,False,BSE,Textiles & Apparels,Garments & Apparels,84.24024640657083,True,False
SALONA.NS,2026-09-16,302.0,270.8797912597656,262.00101301405164,259.91038116455076,266.4384480794271,264.0866638183594,273.8233913852201,208.3840841675992,330.2615936279297,True,True,False,False,True,True,True,True,False,24.557706205162443,ppv,646.1275139067179,True,False,False,False,BSE,Textiles & Apparels,Other Textile Products,81.72484599589322,True,False
YUKEN.NS,2026-09-16,1131.800048828125,1036.9833221435547,902.4574381510416,856.0020385742188,759.1409419759115,777.4064413452148,1056.780105706579,586.049959642143,1148.550048828125,True,False,False,True,True,True,True,True,False,13.448565834098858,ppv,148.25976151943001,False,False,True,False,BSE,Industrial Products,"Compressors, Pumps & Diesel Engines",76.18069815195072,True,False
