Name,Symbols,ISIN Code,Industry Group,Industry
Diksha Greens,542155,INE01GR01018,Commercial Services & Supplies,Trading & Distributors
Omnipotent,543400,INE0JFE01012,Petroleum Products,Refineries & Marketing
JLA Infraville,538765,INE401Q01018,Retailing,Internet & Catalogue Retail
Mafia Trends,543613,INE0KQQ01011,Retailing,Speciality Retail
Jalan Transol.,JALAN,INE349X01015,Transport Services,Logistics Solution Provider
SSPN FINANCE,539026,INE820R01017,Finance,Other Financial Services
GCM Commodity,535917,INE200P01016,Finance,Other Financial Services
Athena Construc.,539099,INE291R01011,Realty,"Residential, Commercial Projects"
Unishire Urban,537582,INE210P01015,Realty,"Residential, Commercial Projects"
Silver Pearl,543536,INE0KXN01014,Leisure Services,Hotels & Resorts
Polymac Thermof.,537573,INE826P01018,Industrial Products,Plastic Products - Industrial
Hanman Fit,538731,INE982Q01017,Leisure Services,Amusement Parks/ Other Recreation
SBL Infratech,543366,INE0DLM01024,Realty,"Residential, Commercial Projects"
Gconnect Logitec,544156,INE0QHY01011,Transport Services,Logistics Solution Provider
Perfect Infraeng,PERFECT,INE925S01012,Electrical Equipment,Other Electrical Equipment
Finelistings Tec,544173,INE0QOQ01013,Retailing,E-Retail/ E-Commerce
Evoq Remedies,543500,INE0JVD01011,Commercial Services & Supplies,Trading & Distributors
Patron Exim,543798,INE0NPA01011,Chemicals & Petrochemicals,Trading - Chemicals
Naturo Indiabull,543579,INE0JNB01012,Personal Products,Personal Care
Sun Retail,542025,INE206Z01020,Commercial Services & Supplies,Trading & Distributors
Sailani Tours N,543541,INE0KHQ01010,Leisure Services,"Tour, Travel Related Services"
Jointeca Educati,534659,INE131N01018,IT - Software,Computers - Software & Consulting
Dr Lalchand. Lab,541299,INE871Z01013,Healthcare Services,Healthcare Service Provider
GCM Capital,538319,INE191P01017,Finance,Other Financial Services
Amanaya Ventures,543804,INE0G1V01016,Non - Ferrous Metals,Precious Metals
Veerkrupa Jewel,543545,INE0ID001024,Consumer Durables,"Gems, Jewellery And Watches"
Winny Immigratio,WINNY,INE0S9101013,Leisure Services,"Tour, Travel Related Services"
Magenta Life,544188,INE0QZ901011,Consumer Durables,"Furniture, Home Furnishing"
Sahara Maritime,544056,INE0PSJ01011,Transport Services,Logistics Solution Provider
Reetech Intl,543617,INE0MKO01015,Consumable Fuels,Trading - Coal
Sirohia & Sons,538667,INE785O01019,Commercial Services & Supplies,Trading & Distributors
Solve Plastic,BALCO,INE0U0201016,Industrial Products,Plastic Products - Industrial
Billwin Indust.,543209,INE0CRS01012,Diversified,Diversified
Rite Zone,RITEZONE,INE0MRA01019,Chemicals & Petrochemicals,Specialty Chemicals
Picturepost Stu.,PPSL,INE0YAL01017,Entertainment,"Film Production, Distribution & Exhibition"
Western Overseas,544636,INE1MF401019,Leisure Services,"Tour, Travel Related Services"
Plada Infotech S,PLADAINFO,INE0PXD01014,Commercial Services & Supplies,Business Process Outsourcing (BPO)/ Knowledge Process Outsourcing (KPO)
Indifra Ltd,INDIFRA,INE0PS301014,Gas,Gas Transmission/Marketing
Kenrik Indust.,544398,INE0AOG01018,Consumer Durables,"Gems, Jewellery And Watches"
Chothani Foods,540681,INE344X01016,Food Products,Packaged Foods
AFLOAT Enterpris,543377,INE0CWK01019,Industrial Products,Iron & Steel Products
Jet Solar,538794,INE155R01018,Realty,"Residential, Commercial Projects"
Clinitech Lab,544220,INE0QMR01015,Healthcare Services,Healthcare Service Provider
3C IT Solutions,544190,INE0R7D01018,IT - Services,IT Enabled Services
Veritaas Adver.,VERITAAS,INE0SRI01019,Media,Advertising & Media Agencies
Quality RO Indu.,543460,INE0KAF01018,Industrial Manufacturing,Industrial Products
Sh. Krish. Infr.,542146,INE951Z01013,Realty,"Residential, Commercial Projects"
Humming Bird Edu,542592,INE02PC01027,Other Consumer Services,Education
Ishan Internat.,ISHAN,INE0LCW01025,Industrial Manufacturing,Industrial Products
Ekennis Software,543475,INE0KCM01010,IT - Services,IT Enabled Services
Euphoria Infotec,544094,INE0PYT01018,IT - Services,IT Enabled Services
Swasth Foodtech,544368,INE0TIR01017,Agricultural Food & other Products,Other Agricultural Products
Dhanuka Infra Realty,DIRL,INE704V01015,Realty,"Residential, Commercial Projects"
Dolphin Kitchen Utensils,544170,INE0QXT01018,Consumer Durables,Household Appliances
Dhyaani Trade,543516,INE0K5F01014,Commercial Services & Supplies,Trading & Distributors
Shanti Guru Inds,534708,INE892L01019,Retailing,Diversified Retail
Ghushine Fintrra,539864,INE009U01011,Textiles & Apparels,Other Textile Products
Docmode Health,DHTL,INE0OGG01015,Other Consumer Services,E-Learning
Goblin India,542850,INE492Z01018,Consumer Durables,"Gems, Jewellery And Watches"
Broach Lifecare,544231,INE0SFZ01018,Healthcare Services,Hospital
Resourceful Auto,544236,INE0SK201011,Automobiles,Auto Dealer
Tarini Internat.,538496,INE849M01017,Commercial Services & Supplies,Consulting Services
Neopolitan Pizza,544269,INE471R01019,Agricultural Food & other Products,Other Agricultural Products
Jonjua Overseas,542446,INE793Z01027,Commercial Services & Supplies,Consulting Services
Saroja Pharma In,SAROJA,INE0PCL01011,Chemicals & Petrochemicals,Specialty Chemicals
Mish Designs,544015,INE0QI101019,Textiles & Apparels,Garments & Apparels
Citichem India,544324,INE0A8401016,Chemicals & Petrochemicals,Trading - Chemicals
Parampara Dairy,PARAMPARA,INE749Y01014,Industrial Products,Packaging
Shanthala FMCG,SHANTHALA,INE0Q9Q01017,Cigarettes & Tobacco Products,Cigarettes & Tobacco Products
Dhillon Freight,544556,INE0SPJ01011,Transport Services,Logistics Solution Provider
Net Avenue,CBAZAAR,INE518X01015,Retailing,E-Retail/ E-Commerce
Maks Energy,MAKS,INE0CDK01019,Industrial Products,"Compressors, Pumps & Diesel Engines"
Kaarya Facilit.,540756,INE282Y01016,Commercial Services & Supplies,Diversified Commercial Services
Quadpro ITeS,QUADPRO,INE0GOJ01027,IT - Services,IT Enabled Services
Jiwanram Sheo,JIWANRAM,INE0N5H01017,Industrial Products,Other Industrial Products
Inspire Films,INSPIRE,INE0NDX01019,Entertainment,Media & Entertainment
Sanghvi Brands,540782,INE204Y01010,Leisure Services,Hotels & Resorts
Sabar Flex India,SABAR,INE0DZ101013,Industrial Products,Packaging
SVS Ventures,543745,INE0MID01012,Realty,"Residential, Commercial Projects"
Diggi Multitrade,540811,INE158R01012,Commercial Services & Supplies,Trading & Distributors
Scarnose Inter.,543537,INE0IXR01019,Textiles & Apparels,Other Textile Products
Innokaiz India,543905,INE0LDI01022,Media,Advertising & Media Agencies
Zinema Media,538579,INE641Q01019,Commercial Services & Supplies,Trading & Distributors
DAPS Advertising,543651,INE975Z01012,Media,Advertising & Media Agencies
Amiable Logistic,AMIABLE,INE0MTP01013,Transport Services,Logistics Solution Provider
Titaanium Ten,539985,INE120V01014,Textiles & Apparels,Other Textile Products
Dipna Pharmachem,543594,INE0MC401013,Pharmaceuticals & Biotechnology,Pharmaceuticals
Varyaa Creations,544168,INE0R6801013,Consumer Durables,"Gems, Jewellery And Watches"
Technopack Poly.,543656,INE0MXP01015,Consumer Durables,Plastic Products - Consumer
Fone4 Communica.,543521,INE0L3H01014,Retailing,E-Retail/ E-Commerce
Arrowhead Sepera,544025,INE0PP401015,Industrial Manufacturing,Industrial Products
BLT Logi.,544474,INE0W4K01013,Transport Services,Logistics Solution Provider
Sungold Media,541799,INE266S01011,Media,Advertising & Media Agencies
Associated Coat.,544183,INE0RIQ01013,Industrial Products,Other Industrial Products
Global Longlife,543520,INE0J2K01014,Healthcare Services,Hospital
Astron,544628,INE0RUY01012,Food Products,Packaged Foods
Vashishtha Lux.,544508,INE0WRP01016,Textiles & Apparels,Garments & Apparels
Mono Pharmacare,MONOPHARMA,INE0OIP01012,Pharmaceuticals & Biotechnology,Pharmaceuticals
Super Fine Knit.,540269,INE459U01018,Consumer Durables,"Gems, Jewellery And Watches"
SRG Fingrow Fin,536710,INE326P01019,Finance,Non Banking Financial Company (NBFC)
Franklin Leasing,539839,INE399S01010,Finance,Non Banking Financial Company (NBFC)
Stellar Capital,536738,INE325P01011,Finance,Other Financial Services
SMVD Poly Pack,SMVD,INE702Y01013,Industrial Products,Plastic Products - Industrial
L.K.Mehta Poly.,544366,INE0FFF01017,Industrial Products,Plastic Products - Industrial
Brisk Technovisi,544101,INE0Q6L01014,IT - Hardware,Computers Hardware & Equipments
Vanta Bioscience,540729,INE695X01011,Healthcare Services,"Healthcare Research, Analytics & Technology"
Gajanand Inter.,GAJANAND,INE0QTE01018,Textiles & Apparels,Other Textile Products
Raconteur Global,541703,INE00WY01013,Retailing,Speciality Retail
EP Biocomposites,543595,INE0D2I01014,Other Utilities,Waste Management
Piotex Indus.,544178,INE0R4W01015,Textiles & Apparels,Other Textile Products
Continental Seed,CONTI,INE340Z01019,Commercial Services & Supplies,Trading & Distributors
S K Internation.,542728,INE04ST01013,Consumer Durables,"Gems, Jewellery And Watches"
Shashwat Furnis.,543519,INE0JMN01019,Consumer Durables,"Furniture, Home Furnishing"
Krupalu Metals,544509,INE0XZB01017,Industrial Products,"Aluminium, Copper & Zinc Products"
Gujarat Hy-Spin,540938,INE578V01013,Textiles & Apparels,Other Textile Products
Getalong Enterp.,543372,INE0H1201020,Commercial Services & Supplies,Consulting Services
Kahan Packaging,543979,INE04T901017,Industrial Products,Packaging
Neelam Linens,NEELAM,INE0N1401016,Textiles & Apparels,Other Textile Products
PDP Shipping,544378,INE0ABU01016,Transport Services,Logistics Solution Provider
Earthstahl &All.,543765,INE0O4V01010,Industrial Products,Iron & Steel Products
Solvex Edibles,544539,INE1IIQ01028,Agricultural Food & other Products,Edible Oil
Indong Tea Co,543769,INE0KN201016,Agricultural Food & other Products,Tea & Coffee
Rajeshwari Cans,543285,INE0CQ101015,Industrial Products,Packaging
Quality Foils,QFIL,INE0O1M01015,Industrial Products,Iron & Steel Products
Shree Marutinand,544083,INE0QIS01011,Industrial Products,Iron & Steel Products
SP Refractories,SPRL,INE0JW501011,Industrial Products,Electrodes & Refractories
Davin Sons Reta,544331,INE0Q2L01013,Textiles & Apparels,Garments & Apparels
Cyber Media Res.,CMRSL,INE075Z01011,Media,Advertising & Media Agencies
Kizi Apparels,544221,INE0RMR01013,Textiles & Apparels,Garments & Apparels
DRA Consultants,540144,INE746V01016,Commercial Services & Supplies,Consulting Services
Nidan Laborator.,NIDAN,INE0J6L01013,Healthcare Services,Healthcare Service Provider
Radiowalla,RADIOWALLA,INE430U01019,Entertainment,Media & Entertainment
Marinetrans Indi,MARINETRAN,INE0P1P01017,Transport Services,Logistics Solution Provider
SPP Polymer,SPPPOLY,INE0QR801013,Industrial Products,Packaging
Yasons Chemex,YCCL,INE08S201019,Chemicals & Petrochemicals,Dyes And Pigments
Containe Tech.,543606,INE0M8901010,Industrial Manufacturing,Industrial Products
Precision Metal.,PRECISION,INE0HKW01018,Auto Components,Auto Components & Equipments
Shiva Granito,540072,INE191V01015,Other Construction Materials,Other Construction Materials
Shubhlaxmi Jewel,SHUBHLAXMI,INE01Z401013,Consumer Durables,"Gems, Jewellery And Watches"
Labelkraft Tech.,543830,INE0NLJ01011,"Paper, Forest & Jute Products",Paper & Paper Products
Vandan Foods,544436,INE0RDJ01019,Agricultural Food & other Products,Edible Oil
Aik Pipes & Poly,544072,INE0QFT01015,Industrial Products,Plastic Products - Industrial
NAPS Global,544373,INE0VNH01014,Textiles & Apparels,Other Textile Products
Boss Packaging,BOSS,INE0QNI01012,Industrial Manufacturing,Industrial Products
GB Logistics,544348,INE0RWU01016,Transport Services,Logistics Solution Provider
Abram Food,544422,INE0ZDY01011,Food Products,Other Food Products
Travels & Rent.,544242,INE0SG001011,Leisure Services,"Tour, Travel Related Services"
Hamps Bio,544312,INE0QBD01018,Agricultural Food & other Products,Other Agricultural Products
K K Silk Mills,544624,INE0EOJ01014,Textiles & Apparels,Other Textile Products
Ambo Agritec,543678,INE0N6V01016,Agricultural Food & other Products,Edible Oil
Tapi Fruit,TAPIFRUIT,INE0M7001010,Food Products,Packaged Foods
Vedant Asset,543623,INE0NC801013,Capital Markets,Financial Products Distributor
Aten Papers,544417,INE0XCV01014,"Paper, Forest & Jute Products",Paper & Paper Products
Gleam Up Jwel Limiteed,542477,INE03CM01014,Commercial Services & Supplies,Trading & Distributors
Tridhya Tech,TRIDHYA,INE0LWY01029,Commercial Services & Supplies,Diversified Commercial Services
Angel Fibers,541006,INE339Z01011,Textiles & Apparels,Other Textile Products
Aspire & Innovat,ASPIRE,INE0S7801010,Consumer Durables,Household Appliances
UHM Vacation,544779,INE0YZ901011,Leisure Services,"Tour, Travel Related Services"
Abhishek Integr.,AILIMITED,INE0CAJ01017,Construction,Civil Construction
Cedaar Textile,CEDAAR,INE11J101017,Textiles & Apparels,Other Textile Products
Vivo Collaborat.,VIVO,INE0IA701014,Telecom - Services,Other Telecom Services
Jay Kailash,544160,INE0MSS01019,Food Products,Packaged Foods
Manglam Infra,MIEL,INE0R3101011,Commercial Services & Supplies,Consulting Services
Sonalis Consumer,543924,INE0N5O01013,Food Products,Packaged Foods
Vrundavan Planta,544011,INE0Q6901013,Commercial Services & Supplies,Diversified Commercial Services
Adeshwar Meditex,543309,INE0H8J01015,Healthcare Services,"Healthcare Research, Analytics & Technology"
Goel Food,543538,INE0K6L01010,Leisure Services,Hotels & Resorts
Transvoy Logist.,543754,INE0MPU01011,Transport Services,Logistics Solution Provider
Sati Poly,SATIPOLY,INE0RPM01017,Industrial Products,Packaging
Milestone Furn.,541337,INE424Z01011,Consumer Durables,"Furniture, Home Furnishing"
Cian Healthcare,542678,INE05BN01027,Pharmaceuticals & Biotechnology,Pharmaceuticals
Logiciel Soluti.,544625,INE1BA901016,IT - Software,Computers - Software & Consulting
Mandeep Auto,MANDEEP,INE0R3T01013,Auto Components,Auto Components & Equipments
Safecure Service,544596,INE0SVZ01015,Other Consumer Services,Other Consumer Services
Landmark Global,544341,INE12QA01010,Leisure Services,"Tour, Travel Related Services"
Marc Loire,544437,INE0TBQ01014,Consumer Durables,Footwear
Globtier Infotec,544494,INE12P601017,IT - Services,IT Enabled Services
Koura Fine Diamo,544139,INE0M8R01011,Consumer Durables,"Gems, Jewellery And Watches"
United Cotfab,544195,INE0S0I01011,Textiles & Apparels,Other Textile Products
Valencia India,544433,INE130701019,Leisure Services,Hotels & Resorts
Innovative Ideal,541983,INE492Y01011,Commercial Services & Supplies,Diversified Commercial Services
Ahasolar Technol,543941,INE0NEV01011,Retailing,E-Retail/ E-Commerce
Teerth Gopicon,TGL,INE0K6601012,Construction,Civil Construction
Thinking Hats,THESL,INE0SHE01019,Other Consumer Services,Other Consumer Services
Kalana Ispat,KALANA,INE0T0L01014,Industrial Products,Iron & Steel Products
Mewar Hi-Tech,540150,INE957U01011,Construction,Civil Construction
Manoj Jewellers,544400,INE0MV001018,Consumer Durables,"Gems, Jewellery And Watches"
Vertexplus Tech.,VERTEXPLUS,INE0NLB01018,IT - Services,IT Enabled Services
Globesecure Tech,GSTL,INE00WS01056,IT - Services,IT Enabled Services
Shreenath Paper,544372,INE0RXS01018,Commercial Services & Supplies,Trading & Distributors
Identical Brains,IDENTICAL,INE0TD101011,Entertainment,Media & Entertainment
Paramount Dye,PARAMOUNT,INE0TG801013,Textiles & Apparels,Other Textile Products
Galaxy Medicare,GML,INE09A801015,Healthcare Equipment & Supplies,Medical Equipment & Supplies
Micropro Softwar,MICROPRO,INE0PZK01014,IT - Software,Computers - Software & Consulting
Benchmark Comp.,544052,INE0Q2Z01013,IT - Services,IT Enabled Services
Jet Knitwears,JETKNIT,INE564T01017,Textiles & Apparels,Garments & Apparels
Om Metallogic,544559,INE0R8Q01018,Industrial Products,"Aluminium, Copper & Zinc Products"
QVC Exports,QVCEL,INE0KZF01015,Ferrous Metals,Ferro & Silica Manganese
Cargosol Logist.,543621,INE0KZM01011,Transport Services,Logistics Solution Provider
Seemax Resources,544813,INE1EVO01017,"Agricultural, Commercial & Construction Vehicles","Dealers-Commercial Vehicles, Tractors, Construction Vehicles"
TGIF Agribusines,544175,INE0SMU01015,Agricultural Food & other Products,Other Agricultural Products
Agarwal Float,AGARWALFT,INE0MLA01012,Industrial Products,Glass - Industrial
Aritas Vinyl,544683,INE1D8001016,Consumer Durables,Leather And Leather Products
Platinumone Bus.,543352,INE0DTJ01015,Commercial Services & Supplies,Business Process Outsourcing (BPO)/ Knowledge Process Outsourcing (KPO)
Prospect Consum.,543814,INE0OKG01017,Agricultural Food & other Products,Other Agricultural Products
Yudiz Solutions,YUDIZ,INE09FA01019,IT - Software,Computers - Software & Consulting
Nirman Agri,NIRMAN,INE0OK701014,Agricultural Food & other Products,Other Agricultural Products
KK Shah Hospital,544013,INE0OH401016,Healthcare Services,Hospital
Nacdac Infra.,544313,INE0LB101011,Construction,Civil Construction
Arunaya Organics,ARUNAYA,INE0TTG01017,Chemicals & Petrochemicals,Dyes And Pigments
Ranjeet Mechatr.,541945,INE01A501027,Construction,Civil Construction
DMR Engineering,543410,INE07L501010,Commercial Services & Supplies,Consulting Services
KKV Agro Powers,KKVAPOW,INE239T01016,Consumer Durables,"Gems, Jewellery And Watches"
Healthy Life,543546,INE0L3501015,Food Products,Dairy Products
Salasar Exterior,SECL,INE00Y701026,Construction,Civil Construction
Abril Paper,544500,INE15MX01014,Industrial Products,Other Industrial Products
Medistep Health.,MEDISTEP,INE0UOY01019,Personal Products,Personal Care
Naturewings Hol.,544245,INE0N4701016,Leisure Services,"Tour, Travel Related Services"
Manas Polymers,MPEL,INE0U4H01011,Industrial Products,Plastic Products - Industrial
Takyon Networks,544471,INE14OX01013,IT - Services,IT Enabled Services
SM Auto Stamping,543065,INE0C4I01011,Industrial Manufacturing,Industrial Products
Quicktouch Tech,QUICKTOUCH,INE0K4D01020,IT - Software,Computers - Software & Consulting
Mahip Industries,542503,INE00CX01017,Industrial Products,Packaging
Riddhi Display,544640,INE1DKT01011,Consumer Durables,Houseware
Shreeshay Engi.,541112,INE452Z01012,Construction,Civil Construction
NFP Sampoorna,NFPSAMPOOR,INE0T1501010,Agricultural Food & other Products,Other Agricultural Products
Timescan Logist.,TIMESCAN,INE0IJY01014,Transport Services,Logistics Solution Provider
Sameera Agro,SAIFL,INE0PZA01015,Agricultural Food & other Products,Other Agricultural Products
AA Plus Trade,543319,INE0C5901022,Commercial Services & Supplies,Trading & Distributors
Uma Converter,UMA,INE067901012,Industrial Products,Packaging
Cell Point,CELLPOINT,INE0O0001013,Retailing,Speciality Retail
Manav Infra,MANAV,INE104Y01012,Construction,Civil Construction
A G Universal,AGUL,INE0O6N01012,Industrial Products,Iron & Steel Products
Armour Security,ARMOUR,INE0TZX01019,Commercial Services & Supplies,Diversified Commercial Services
Rex Sealing,543744,INE0MFT01014,Industrial Products,Packaging
MCON Rasayan,MCON,INE0O4M01019,Other Construction Materials,Other Construction Materials
Blue Pebble,BLUEPEBBLE,INE0SAK01011,Other Consumer Services,Other Consumer Services
Medicamen Organ.,MEDIORG,INE0PE401018,Pharmaceuticals & Biotechnology,Pharmaceuticals
Olatech Solution,543578,INE0M3901015,IT - Software,Software Products
Mittal Sections,544575,INE833Q01012,Industrial Products,Iron & Steel Products
Sihora Indust.,544585,INE0SFA01011,Textiles & Apparels,Other Textile Products
Phoenix Overseas,PHOGLOBAL,INE0FPO01018,Commercial Services & Supplies,Trading & Distributors
Pearl Green Club,543540,INE0GTX01019,Agricultural Food & other Products,Other Agricultural Products
Misquita Engg.,542801,INE957W01025,Industrial Manufacturing,Industrial Products
Prolife Indust.,PROLIFE,INE994V01012,Chemicals & Petrochemicals,Dyes And Pigments
Kanishk Alumin.,544693,INE163401016,Non - Ferrous Metals,Aluminium
Auro Impex,AUROIMPEX,INE0NUL01018,Industrial Products,Electrodes & Refractories
Promax Power,543375,INE0I2F01015,Construction,Civil Construction
Chandra Bhagat,542934,INE07QQ01016,Pharmaceuticals & Biotechnology,Pharmaceuticals
Walpar Nutrition,WALPAR,INE0G2G01015,Pharmaceuticals & Biotechnology,Pharmaceuticals
Pace E-Commerce,543637,INE0N1L01018,Retailing,E-Retail/ E-Commerce
Pecos Hotels,539273,INE484S01010,Leisure Services,Restaurants
Falcon,FALCONTECH,INE0PQK01013,Commercial Services & Supplies,Diversified Commercial Services
Agni Green,AGNI,INE0LF301013,Construction,Civil Construction
Comrade Applian.,543921,INE0NXA01015,Consumer Durables,Consumer Electronics
Sampat Aluminium,544520,INE10XS01012,Industrial Products,"Aluminium, Copper & Zinc Products"
HRH Next,HRHNEXT,INE0R3501012,Commercial Services & Supplies,Business Process Outsourcing (BPO)/ Knowledge Process Outsourcing (KPO)
Kontor Space,KONTOR,INE0KZ301010,Commercial Services & Supplies,Diversified Commercial Services
Dindigul Farm,544201,INE0S6R01027,Food Products,Dairy Products
AccelerateBS Ind,543938,INE0POP01017,IT - Software,Computers - Software & Consulting
Sunrest Lifescie,SUNREST,INE0PLZ01012,Pharmaceuticals & Biotechnology,Pharmaceuticals
Shri Kanha Stain,SHRIKANHA,INE1V4601019,Industrial Products,Iron & Steel Products
Lex Nimble Solu.,541196,INE860Y01019,Commercial Services & Supplies,Consulting Services
Shoora Designs,543970,INE0OJZ01019,Consumer Durables,"Gems, Jewellery And Watches"
Khyati Global,544270,INE0S9501014,Commercial Services & Supplies,Trading & Distributors
Rajnandini Fashion,544771,INE1GM501015,Textiles & Apparels,Garments & Apparels
Sundrex Oil,SOCL,INE0CTB01014,Petroleum Products,Lubricants
3B Films,544412,INE0TE101010,Industrial Products,Packaging
Stanbik Agro,544659,INE16QA01011,Agricultural Food & other Products,Other Agricultural Products
Yug Decor,540550,INE796W01019,Chemicals & Petrochemicals,Specialty Chemicals
Jhandewala Foods,540850,INE841Y01019,Food Products,Packaged Foods
Jivial Industrie,544805,INE0V3T01017,Non - Ferrous Metals,Aluminium
Faalcon Concepts,FAALCON,INE0Q9W01015,Industrial Manufacturing,Industrial Products
Spinaroo Comm.,544392,INE10XX01012,"Paper, Forest & Jute Products",Paper & Paper Products
Vadivarhe Speci.,VSCL,INE551Q01028,Chemicals & Petrochemicals,Specialty Chemicals
Homesfy Realty,HOMESFY,INE0N7F01017,Realty,Real Estate related services
LGT Global Hospitality,544489,INE191201016,Leisure Services,"Tour, Travel Related Services"
Vera Synthetic,VERA,INE709Z01015,Textiles & Apparels,Other Textile Products
ARC Insulation,ARCIIL,INE0YDV01010,Industrial Products,Other Industrial Products
Eighty Jewellers,543518,INE0KSN01014,Consumer Durables,"Gems, Jewellery And Watches"
Deem Roll-Tech,DEEM,INE586O01011,Industrial Products,Iron & Steel Products
Pentagon Rubber,PENTAGON,INE0ORS01017,Industrial Products,Rubber
Evans Electric,542668,INE06TD01010,Commercial Services & Supplies,Diversified Commercial Services
Unilex Colour &C,UNILEX,INE0B2801011,Chemicals & Petrochemicals,Dyes And Pigments
Victory Ele.,VICTORYEV,INE0F8901022,Automobiles,2/3 Wheelers
Liotech Ind.,544796,INE0TKX01011,Industrial Products,Other Industrial Products
Vishwas Agri,VISHWAS,INE0S2E01016,Agricultural Food & other Products,Other Agricultural Products
Gulf Lloyds (India),544834,INE1WDC01012,Commercial Services & Supplies,Consulting Services
Goldline Pharmaceutical,544759,INE1CLW01015,Pharmaceuticals & Biotechnology,Pharmaceuticals
Raghuvansh Agro.,538921,INE865P01016,Agricultural Food & other Products,Other Agricultural Products
Baba Food,BABAFP,INE0QW501012,Food Products,Other Food Products
Helloji Holidays,544630,INE1FJE01010,Leisure Services,"Tour, Travel Related Services"
Avax Apparels,544337,INE0NQ401024,Textiles & Apparels,Other Textile Products
Shipwaves Online,544646,INE0O9L01010,Transport Services,Logistics Solution Provider
Vivaa Tradecom,544002,INE0PA601017,Textiles & Apparels,Trading - Textile Products
Vinit Mobile,VMOBILE,INE27V201011,Retailing,Speciality Retail
Amkay Products,544169,INE0QSB01016,Healthcare Equipment & Supplies,Medical Equipment & Supplies
Chiraharit,544561,INE12P101018,Construction,Civil Construction
Newmalayalam St.,NMSTEEL,INE0TP801012,Industrial Products,Iron & Steel Products
Dhanlaxmi Crop,DHANLAXMI,INE0V9V01010,Agricultural Food & other Products,Other Agricultural Products
Nanavati Venture,543522,INE0E5R01017,Non - Ferrous Metals,Precious Metals
Roni Households,542145,INE02AP01013,Commercial Services & Supplies,Trading & Distributors
S A Tech Soft.,SATECH,INE0BSN01013,IT - Software,Computers - Software & Consulting
Kaushalya,KLL,INE0Q2V01012,Retailing,E-Retail/ E-Commerce
Aatmaj Health,AATMAJ,INE0OB201016,Healthcare Services,Hospital
PAN HR Solution,544698,INE1N9E01015,Commercial Services & Supplies,Diversified Commercial Services
Storage Tech,544171,INE0RGM01016,Industrial Products,Other Industrial Products
Rexpro Enter.,REXPRO,INE113601012,Consumer Durables,"Furniture, Home Furnishing"
Swashthik Plas.,544035,INE0RDR01012,Industrial Products,Plastic Products - Industrial
Share Samadhan,544251,INE0LY301010,Finance,Other Financial Services
Bhatia Colour,543497,INE0KQ001017,Chemicals & Petrochemicals,Specialty Chemicals
Toss The Coin,544303,INE0XAY01012,Media,Advertising & Media Agencies
Times Green Ener,543310,INE0B6101012,Agricultural Food & other Products,Other Agricultural Products
Vahh Chemicals,544778,INE0H3U01013,Chemicals & Petrochemicals,Specialty Chemicals
Shelter Pharma,543963,INE013V01011,Pharmaceuticals & Biotechnology,Pharmaceuticals
Digikore Studios,DIGIKORE,INE0QJ901011,Entertainment,Media & Entertainment
Swastik Pipe,SWASTIK,INE0DGC01025,Industrial Products,Iron & Steel Products
Infonative Solu.,544393,INE12IB01015,IT - Services,IT Enabled Services
JFL Life,JFLLIFE,INE0LA901015,Pharmaceuticals & Biotechnology,Pharmaceuticals
Pranik Logistics,PRANIK,INE0VJG01014,Transport Services,Logistics Solution Provider
Happy Square,WHITEFORCE,INE0TLP01015,Commercial Services & Supplies,Diversified Commercial Services
Srigee DLM,544399,INE0RJ901010,Industrial Manufacturing,Industrial Products
Neptune Logitek,544663,INE1NQ501012,Transport Services,Logistics Solution Provider
Aureate Tradde,544772,INE1KVL01010,Chemicals & Petrochemicals,Trading - Chemicals
Aditya Consumer,540146,INE427V01013,Retailing,Diversified Retail
V.L.Infraproject,VLINFRA,INE0QXL01015,Construction,Civil Construction
Studio LSD,STUDIOLSD,INE17VO01028,Entertainment,Media & Entertainment
Austere Sys.,544505,INE104201012,IT - Software,Computers - Software & Consulting
Three M Paper,544214,INE0UK501010,"Paper, Forest & Jute Products",Paper & Paper Products
Rulka,RULKA,INE0R7301013,Construction,Civil Construction
Indobell Insul.,544334,INE0FK501019,Industrial Products,Other Industrial Products
Italian Edibles,ITALIANE,INE0R7R01018,Food Products,Packaged Foods
Silky Overseas,SILKY,INE0SN801015,Textiles & Apparels,Other Textile Products
Bombay Metrics,BMETRICS,INE0I3Y01014,Commercial Services & Supplies,Trading & Distributors
Sona Machinery,SONAMAC,INE0Q6H01012,Industrial Manufacturing,Industrial Products
Rithwik Facility,540843,INE819Y01015,Commercial Services & Supplies,Diversified Commercial Services
Snehaa Organics,SNEHAA,INE1OIC01018,Chemicals & Petrochemicals,Specialty Chemicals
Supertech EV,544428,INE0SC101013,Automobiles,2/3 Wheelers
Chamunda Ele.,CHAMUNDA,INE11HG01018,Commercial Services & Supplies,Diversified Commercial Services
Baweja Studios L,BAWEJA,INE0JFJ01011,Entertainment,"Film Production, Distribution & Exhibition"
Gurunanak Agri.,GURUNANAK,INE1CCX01012,"Agricultural, Commercial & Construction Vehicles",Tractors
Abha Power,ABHAPOWER,INE0UYG01015,Industrial Products,Castings & Forgings
Defrail Technologies,544677,INE0ZE201010,Industrial Products,Cables - Electricals
Sonu Infratech,SONUINFRA,INE0JZA01018,Construction,Civil Construction
Shining Tools,544607,INE0D8001018,Industrial Manufacturing,Industrial Products
Ultra Wiring,UWCSL,INE00F301010,Auto Components,Auto Components & Equipments
D.K. Enterprises,DKEGL,INE0GN101014,Industrial Products,Packaging
Electro Force,EFORCE,INE0Q1W01012,Electrical Equipment,Other Electrical Equipment
Sunsky Logistics,544566,INE10CM01027,Transport Services,Logistics Solution Provider
Bulkcorp Inter.,BULKCORP,INE0SZ301012,Industrial Products,Packaging
Luxury Time,544635,INE1CJB01013,Consumer Durables,"Gems, Jewellery And Watches"
Rapid Multimodal,544237,INE0QA901010,Transport Services,Logistics Solution Provider
Amrapali Fincap,539265,INE990S01016,Finance,Investment Company
City Crops Agro,544000,INE0M7501019,Agricultural Food & other Products,Other Agricultural Products
Ganga Bath Fitt.,GANGABATH,INE0ZI101018,Consumer Durables,Sanitary Ware
Vruddhi Engineer,544157,INE0OMZ01013,Industrial Manufacturing,Industrial Products
Sungarner Energ.,SEL,INE0O3O01017,Electrical Equipment,Other Electrical Equipment
Dhansa Labs,DHANSA,INE0M3I01029,Fertilizers & Agrochemicals,Pesticides & Agrochemicals
Trom Industries,TROM,INE0SYV01018,Electrical Equipment,Heavy Electrical Equipment
Greenhitech Ven.,544163,INE0S0701019,Petroleum Products,Lubricants
Graphisads,GRAPHISAD,INE0POU01017,Media,Advertising & Media Agencies
Cargotrans Marit,543618,INE0M4L01013,Transport Services,Logistics Solution Provider
Safa Systems,543461,INE0JNA01014,Commercial Services & Supplies,Trading & Distributors
Shlokka Dyes,544582,INE1EUB01016,Chemicals & Petrochemicals,Specialty Chemicals
Mac Hotels,541973,INE004Z01011,Leisure Services,Hotels & Resorts
ATC Energies,ATCENERGY,INE0V0Q01019,Electrical Equipment,Other Electrical Equipment
Presstonic Engi.,PRESSTONIC,INE0R1601012,Industrial Manufacturing,Industrial Products
SSMD Agrotech,544621,INE1U2R01013,Food Products,Packaged Foods
Delta Auto.,DELTIC,INE0XRN01019,Automobiles,2/3 Wheelers
Cadsys (India),CADSYS,INE090Y01013,Commercial Services & Supplies,Business Process Outsourcing (BPO)/ Knowledge Process Outsourcing (KPO)
Mehul Colours,544472,INE1KH601014,Chemicals & Petrochemicals,Specialty Chemicals
Deccan Transcon,DECCANTRAN,INE0S7C01019,Transport Services,Logistics Solution Provider
Refractory Shap.,REFRACTORY,INE0TNX01015,Industrial Products,Electrodes & Refractories
Arvind Port &,ARVINDPORT,INE0P4T01013,Transport Services,Shipping
Shayona Eng.,544686,INE0UCL01011,Industrial Products,Castings & Forgings
Moving Media,MMEL,INE0XM301010,Commercial Services & Supplies,Diversified Commercial Services
Sodhani Capital,544560,INE0QU501030,Capital Markets,Financial Products Distributor
Rudra Gas,544121,INE0OYK01010,Construction,Civil Construction
Pulz Electronics,PULZ,INE335X01014,Consumer Durables,Consumer Electronics
Jigar Cables,540651,INE943X01015,Electrical Equipment,Other Electrical Equipment
Kasturi Metal,544688,INE0T1301023,Industrial Products,Iron & Steel Products
Anubhav Plast,544800,INE1O7201010,Industrial Products,Iron & Steel Products
Nexxus Petro,544265,INE0QUL01011,Chemicals & Petrochemicals,Petrochemicals
Lamosaic India,LAMOSAIC,INE0R0201012,Consumer Durables,Plywood Boards/ Laminates
Naman Industries Proxima,NAMAN,INE0RJM01010,Consumer Durables,"Furniture, Home Furnishing"
Milton Industri.,MILTON,INE376Y01016,Consumer Durables,Plywood Boards/ Laminates
Royal Sense,544143,INE0QQG01019,Healthcare Equipment & Supplies,Medical Equipment & Supplies
Newjaisa Tech,NEWJAISA,INE0PW501021,IT - Hardware,Computers Hardware & Equipments
Waa Solar,541445,INE799N01012,Power,Power Generation
Supreme Facility,SFML,INE0U6N01014,Commercial Services & Supplies,Diversified Commercial Services
Mangal Compuso.,544287,INE0RU901015,Commercial Services & Supplies,Diversified Commercial Services
Essex Marine,544475,INE1IBY01019,Food Products,Seafood
Unisem Agritech,544648,INE1FHV01026,Agricultural Food & other Products,Other Agricultural Products
Shine Fashions,543244,INE0BLY01023,Textiles & Apparels,Other Textile Products
Synoptics Techno,SYNOPTICS,INE0BTR01012,IT - Services,IT Enabled Services
Aditya Ultra,AUSL,INE01YQ01013,Industrial Products,Iron & Steel Products
Popular Found.,544259,INE0PZB01013,Construction,Civil Construction
Icodex Publish.,544483,INE111601014,IT - Services,IT Enabled Services
Shanti Spintex,544059,INE0QZQ01019,Textiles & Apparels,Other Textile Products
Artemis ADR Marketplace,543286,INE0D9X01018,Food Products,Other Food Products
Kiaasa Retail,544711,INE1C3F01018,Textiles & Apparels,Garments & Apparels
Grill Splendour,BIRDYS,INE0PC901019,Leisure Services,Restaurants
Paramount Specia,PSFL,INE0Q6001012,Industrial Products,Other Industrial Products
Shanmuga Hos.,544365,INE0TD301017,Healthcare Services,Hospital
Sangani Hospital,SANGANI,INE0OVI01010,Healthcare Services,Hospital
Icon Facil.,544426,INE0Y0E01012,Commercial Services & Supplies,Diversified Commercial Services
Marco Cables,MARCO,INE0QP001012,Industrial Products,Cables - Electricals
Samay Project,SAMAY,INE124101010,Construction,Civil Construction
Addictive Learn,ADDICTIVE,INE0RDH01021,Other Consumer Services,E-Learning
TSC India,TSC,INE16VK01010,Leisure Services,"Tour, Travel Related Services"
Gabriel Pet,544108,INE0QZF01012,Industrial Products,Other Industrial Products
Mohini Health,MHHL,INE450S01011,Healthcare Equipment & Supplies,Medical Equipment & Supplies
Filtra Consult.,539098,INE541R01019,Other Utilities,Other Utilities
Identixweb,544388,INE0PA401012,IT - Software,Computers - Software & Consulting
Riyaasat Life,544804,INE0KYI01012,Textiles & Apparels,Garments & Apparels
M R Maniveni,544768,INE0YD301010,Agricultural Food & other Products,Other Agricultural Products
Advance Techno.,544843,INE13ZJ01010,Industrial Products,Castings & Forgings
Retina Paints,543902,INE0NTC01019,Consumer Durables,Paints
Ganesha Ecoverse,539041,INE369Q01017,Commercial Services & Supplies,Trading & Distributors
Alkosign,543453,INE0KA601012,Household Products,Stationary
Crayons Advertis,CRAYONS,INE0OFK01019,Media,Advertising & Media Agencies
Steelman Telecom,543622,INE0MSK01016,Telecom - Services,Other Telecom Services
Tanvi Foods,540332,INE978V01015,Food Products,Packaged Foods
Greenleaf Envi.,GREENLEAF,INE0PLX01017,Other Utilities,Waste Management
Paramatrix Tech.,PARAMATRIX,INE0S2W01018,IT - Software,Computers - Software & Consulting
Vilin Bio Med,VILINBIO,INE0L4V01013,Pharmaceuticals & Biotechnology,Pharmaceuticals
Suntech Infra.,SUNTECH,INE0SGZ01016,Construction,Civil Construction
Gautam Exim,540613,INE721X01023,Commercial Services & Supplies,Trading & Distributors
Integrity Infra.,INTEGRITY,INE0YSH01017,Construction,Civil Construction
Trust Fintech,TRUST,INE0SWN01019,IT - Software,Software Products
ANI Integrated,AISL,INE635Y01015,Commercial Services & Supplies,Diversified Commercial Services
K2 Infragen,K2INFRA,INE0DEZ01013,Construction,Civil Construction
Asston Pharmaceu,544445,INE0SJX01015,Pharmaceuticals & Biotechnology,Pharmaceuticals
Innovative Tyres,ITTL,INE070Y01023,Auto Components,Tyres & Rubber Products
Dar Credit & Cap,DCCL,INE04Q901010,Finance,Non Banking Financial Company (NBFC)
Harikanta Overseas,544769,INE1UYW01010,Textiles & Apparels,Other Textile Products
Jayant Infratech,543544,INE0KR801019,Construction,Civil Construction
Saj Hotels,SAJHOTELS,INE00MT01022,Leisure Services,Hotels & Resorts
Siddhi Cotspin,SIDDHICOTS,INE0SVO01019,Textiles & Apparels,Other Textile Products
Jungle Camps,544304,INE0WCH01015,Leisure Services,Hotels & Resorts
Alcokraft Dist.,ALCODIS,INE448V01019,Beverages,Breweries & Distilleries
Rachana Infra.,RILINFRA,INE02OY01016,Construction,Civil Construction
Veekayem Fash.,VEEKAYEM,INE0KTW01013,Textiles & Apparels,Garments & Apparels
Omfurn India,OMFURN,INE338Y01016,Consumer Durables,"Furniture, Home Furnishing"
Malpani Pipes,544351,INE0YON01014,Industrial Products,Plastic Products - Industrial
Rajgor Castor,RCDL,INE0BZQ01011,Agricultural Food & other Products,Edible Oil
Zenith Drugs,ZENITHDRUG,INE0QWN01013,Pharmaceuticals & Biotechnology,Pharmaceuticals
BEW Engg,BEWLTD,INE0HQI01014,Industrial Manufacturing,Industrial Products
Sunrise Efficie.,543515,INE0KPY01017,Commercial Services & Supplies,Trading & Distributors
Valplast Technol,544565,INE0QP701017,Construction,Civil Construction
Diksha Polymers,544798,INE1OSI01014,Industrial Products,Packaging
Chatterbox Tech,544546,INE1B4801017,Media,Advertising & Media Agencies
Lead Reclaim,LRRPL,INE0H4B01011,Industrial Products,Rubber
AJC Jewel,544425,INE0XRR01010,Consumer Durables,"Gems, Jewellery And Watches"
Aristo Bio-Tech,ARISTO,INE082101010,Fertilizers & Agrochemicals,Pesticides & Agrochemicals
Premium Plast,PREMIUM,INE0M1F01011,Auto Components,Auto Components & Equipments
Divyadhan Recy.,DIVYADHAN,INE0QYI01019,Textiles & Apparels,Other Textile Products
H.M. Electro,544349,INE0DZD01015,Construction,Civil Construction
Swastika Castal,544452,INE0PTF01017,Industrial Products,Castings & Forgings
Slone Infosys.,SLONE,INE0SMA01017,IT - Hardware,Computers Hardware & Equipments
Womancart,WOMANCART,INE0Q9601016,Retailing,E-Retail/ E-Commerce
Accord Synergy,ACCORD,INE113X01015,Telecom - Services,Other Telecom Services
Mangalam Alloys,MAL,INE00C401011,Industrial Products,Iron & Steel Products
Maxposure,MAXPOSURE,INE0ECC01022,Entertainment,Media & Entertainment
Ameya Precision,AMEYA,INE0KT901015,Industrial Products,Other Industrial Products
Modern Diagnost.,544673,INE1HK501016,Healthcare Services,Healthcare Service Provider
Repono,544463,INE15WN01014,Oil,Oil Storage & Transportation
Signoria Creatio,SIGNORIA,INE0RDE01010,Textiles & Apparels,Garments & Apparels
Jyoti Global,JYOTIGLOBL,INE1M3T01017,Industrial Products,Packaging
Ashapura Logi.,ASHALOG,INE0LAA01017,Transport Services,Logistics Solution Provider
Gujarat Peanut,544548,INE0SIK01014,Food Products,Other Food Products
Vdeal System,VDEAL,INE0U2M01015,Electrical Equipment,Other Electrical Equipment
Amrapali Capital,536737,INE218P01018,Finance,Non Banking Financial Company (NBFC)
Indian Emuls,IEML,INE0RRU01016,Chemicals & Petrochemicals,Specialty Chemicals
Shri Hare-Krish.,SHKSIL,INE0NON01025,Ferrous Metals,Sponge Iron
Delaplex,DELAPLEX,INE0SK801018,IT - Software,Computers - Software & Consulting
Autofurnish,544767,INE18HI01019,Auto Components,Auto Components & Equipments
Ravelcare,544629,INE0W4D01018,Personal Products,Personal Care
New Swan,544082,INE0GEN01012,Auto Components,Auto Components & Equipments
Service Care Ltd,SERVICE,INE0P1Q01015,Commercial Services & Supplies,Diversified Commercial Services
Brace Port,BRACEPORT,INE0R4Z01018,Transport Services,Logistics Solution Provider
Technichem Org.,544327,INE0ZHT01012,Chemicals & Petrochemicals,Specialty Chemicals
Ambani Orgochem,AMBANIORGO,INE00C501018,Chemicals & Petrochemicals,Specialty Chemicals
Umiya Mobile,544464,INE1P1A01018,Retailing,Speciality Retail
Gem Enviro,544199,INE0RUJ01013,Other Utilities,Waste Management
Onyx Biotec,ONYX,INE0WVU01018,Pharmaceuticals & Biotechnology,Pharmaceuticals
Propshop Events,PROPSHOP,INE1FFX01018,Commercial Services & Supplies,Diversified Commercial Services
Amwill Health,544353,INE0U2L01017,Pharmaceuticals & Biotechnology,Pharmaceuticals
Shri Balaji,544074,INE0RNZ01014,Industrial Manufacturing,Industrial Products
Maitreya Medica.,MAITREYA,INE0PLQ01011,Healthcare Services,Hospital
Nukleus Office,544370,INE0VYX01018,Commercial Services & Supplies,Diversified Commercial Services
Siyaram Recycli.,544047,INE0QSK01017,Industrial Products,Other Industrial Products
Aakaar Medical,AAKAAR,INE1GYP01013,Personal Products,Personal Care
Clara Industries,543435,INE0JJS01014,Industrial Products,Packaging
Yajur Fibres,544676,INE0CNJ01010,Textiles & Apparels,Other Textile Products
Curis Lifescien.,CURIS,INE1BZN01016,Pharmaceuticals & Biotechnology,Pharmaceuticals
Visdem Technosys,VISDEM,INE0OWX01025,Consumer Durables,Consumer Electronics
Droneacharya Aer,543713,INE0MQD01015,Commercial Services & Supplies,Diversified Commercial Services
Kaytex Fabrics,KAYTEX,INE13ZD01013,Textiles & Apparels,Garments & Apparels
Viaz Tyres,VIAZ,INE0MO401019,Auto Components,Tyres & Rubber Products
Mayasheel Vent.,MAYASHEEL,INE0ZTO01018,Construction,Civil Construction
Zeal Global Serv,ZEAL,INE0PPS01018,Transport Services,Logistics Solution Provider
Marushika Tech.,MARUSHIKA,INE0X7G01013,IT - Hardware,Computers Hardware & Equipments
Dev Labtech,543848,INE0NIJ01025,Consumer Durables,"Gems, Jewellery And Watches"
Silicon Rental,543615,INE0MNV01014,Commercial Services & Supplies,Diversified Commercial Services
Lakshya Powertec,LAKSHYA,INE0VZS01015,Construction,Civil Construction
Sellowrap Indus.,SELLOWRAP,INE0IJF01013,Auto Components,Auto Components & Equipments
Utkal Speciality,UTKAL,INE1V1R01014,"Paper, Forest & Jute Products",Paper & Paper Products
Sodhani Academy,544257,INE0Q3401017,Other Consumer Services,E-Learning
Ideal Technopl.,IDEALTECHO,INE0T9I01011,Industrial Products,Packaging
Narmadesh Brass,544680,INE0S1B01014,Industrial Products,Other Industrial Products
My Mudra Fin.,MYMUDRA,INE0RVQ01016,Finance,Other Financial Services
Mehul Telecom,544751,INE1K0V01011,Retailing,Speciality Retail
WOL 3D India,WOL3D,INE0OO201011,Industrial Products,Other Industrial Products
Upsurge Seeds,USASEEDS,INE0CBM01019,Agricultural Food & other Products,Other Agricultural Products
Kandarp Digi,KANDARP,INE0MOT01016,Commercial Services & Supplies,Business Process Outsourcing (BPO)/ Knowledge Process Outsourcing (KPO)
Shree OSFM,SHREEOSFM,INE02S501018,Transport Services,Road Transport
Super Iron,544381,INE16IQ01014,Industrial Products,Castings & Forgings
Excellent Wires,EXCELLENT,INE0Y4801011,Industrial Products,Other Industrial Products
Happy Steels,HAPPY,INE1GFG01011,Auto Components,Auto Components & Equipments
Vels Film,VELS,INE0I3H01019,Entertainment,"Film Production, Distribution & Exhibition"
Highness Microelectronics,544741,INE1KI801019,Industrial Manufacturing,Industrial Products
Deepak Chemtex,544036,INE0RDM01013,Chemicals & Petrochemicals,Specialty Chemicals
Konstelec Engg.,KONSTELEC,INE0QEI01011,Construction,Civil Construction
Emkay Taps & Cut,EMKAYTOOLS,INE332S01011,Industrial Manufacturing,Industrial Products
NIS Management,544495,INE0M3X01010,Other Consumer Services,Other Consumer Services
Jay Ambe Super.,544514,INE1DRH01011,Retailing,Diversified Retail
Ken Enter.,KEN,INE15DO01012,Textiles & Apparels,Other Textile Products
Chetana Educa.,CHETANA,INE0U1T01012,Printing & Publication,Printing & Publication
Sylvan Plyboard,SYLVANPLY,INE01IH01015,Consumer Durables,Plywood Boards/ Laminates
Invicta Diagnos.,INVICTA,INE0XJ501010,Healthcare Services,Healthcare Service Provider
G M Polyplast,543239,INE0E2801015,Industrial Products,Plastic Products - Industrial
Shree Balaji (Ma,544835,INE1N3Y01016,,
Drone Destinatio,DRONE,INE0P7201019,Other Consumer Services,Education
Classic Electrod,CLASSICEIL,INE0UQ601012,Industrial Products,Other Industrial Products
Paragon Fine,PARAGON,INE0N4G01012,Chemicals & Petrochemicals,Dyes And Pigments
Arabian Petrol.,ARABIAN,INE08NJ01024,Petroleum Products,Lubricants
M P K Steels,544553,INE1PJP01015,Industrial Products,Iron & Steel Products
Rachit Prints,544503,INE0ZN101029,Textiles & Apparels,Other Textile Products
Smarten Power,SMARTEN,INE14GK01016,Electrical Equipment,Other Electrical Equipment
Techknowgreen,543991,INE0P4P01011,Commercial Services & Supplies,Consulting Services
Diensten Tech,DTL,INE0JRD01019,Commercial Services & Supplies,Diversified Commercial Services
Leo Dryfruits,544329,INE0RH001011,Food Products,Other Food Products
Moxsh Overseas,MOXSH,INE0N6D01014,Other Consumer Services,Education
Sharp Chucks and,SCML,INE460Q01014,Industrial Products,Castings & Forgings
Premier Roadline,PRLIND,INE0CFG01012,Transport Services,Logistics Solution Provider
Fonebox Retail,FONEBOX,INE0Q4701019,Retailing,Speciality Retail
DCG Cables,DCG,INE0S8401018,Industrial Products,Cables - Electricals
Vigor Plast,VIGOR,INE1DM601016,Industrial Products,Plastic Products - Industrial
Retaggio Indust.,544391,INE0KWJ01014,Consumer Durables,"Gems, Jewellery And Watches"
Sotac Pharma.,SOTAC,INE0O2D01012,Pharmaceuticals & Biotechnology,Pharmaceuticals
Resgen,543805,INE0NYN01016,Petroleum Products,Refineries & Marketing
Aaradhya Dis.,AARADHYA,INE124401014,"Paper, Forest & Jute Products",Paper & Paper Products
Rukmani Devi Gar,544552,INE0S5T01017,Food Products,Other Food Products
Bikewo Green,BIKEWO,INE0SQH01013,Automobiles,Auto Dealer
Renol Polychem,RNPL,INE0VZX01015,Chemicals & Petrochemicals,Specialty Chemicals
Party Cruisers,PARTYCRUS,INE06ZX01015,Other Consumer Services,Other Consumer Services
MRP Agro,543262,INE0D7801012,Retailing,Distributors
KCK Industries,KCK,INE0J1E01027,Agricultural Food & other Products,Other Agricultural Products
Kay Cee,KCEIL,INE0RCG01017,Construction,Civil Construction
Purv Flexi,PURVFLEXI,INE0R6C01012,Industrial Products,Plastic Products - Industrial
Kabra Jewels,KKJEWELS,INE0XOW01017,Consumer Durables,"Gems, Jewellery And Watches"
Manilam Industries,MANILAM,INE1ERK01013,Consumer Durables,Plywood Boards/ Laminates
Rama Telecom,RTL,INE14W901010,Telecom - Services,Telecom - Infrastructure
Gabion Technol.,544675,INE1H1501013,Industrial Manufacturing,Industrial Products
S. V. J. Enterp.,543799,INE0JZS01010,"Paper, Forest & Jute Products",Paper & Paper Products
Sampark India,544810,INE147701010,Transport Services,Logistics Solution Provider
Biopol Chemicals,BIOPOL,INE0XW001014,Chemicals & Petrochemicals,Specialty Chemicals
Mobilise App,MOBILISE,INE1YNB01019,IT - Software,Software Products
Matrix Geo Sol.,MGSL,INE132901013,IT - Services,IT Enabled Services
Holmarc Opto,HOLMARC,INE0LXA01019,Industrial Products,Other Industrial Products
ROX Hi-Tech,ROXHITECH,INE0PDJ01013,IT - Services,IT Enabled Services
Praruh Tech,544538,INE0TI501017,IT - Services,IT Enabled Services
Marvel Decor,MDL,INE575Z01010,Consumer Durables,"Furniture, Home Furnishing"
KHFM Hospitality,KHFM,INE00UG01014,Commercial Services & Supplies,Diversified Commercial Services
Oval Projects,544498,INE0RTI01017,Construction,Civil Construction
TBI Corn,TBI,INE0N2D01013,Agricultural Food & other Products,Other Agricultural Products
Emiac Technologies,544747,INE1OSW01015,Media,Web based media and service
Dachepalli Pub.,544667,INE1F9M01018,Printing & Publication,Printing & Publication
Mayank Cattle Fo,544106,INE0R5Z01015,Food Products,Animal Feed
Jeyyam Global,JEYYAM,INE0RXB01022,Food Products,Other Food Products
Crop Life Scienc,CLSL,INE00NH01017,Fertilizers & Agrochemicals,Pesticides & Agrochemicals
Prodocs Solution,544643,INE10XK01019,IT - Services,IT Enabled Services
Striders Impex,STRIDERS,INE1XWN01017,Consumer Durables,Leisure Products
Srinibas Pradhan,SPCON,INE0TPJ01019,Construction,Civil Construction
Patdiam Jeweller,539401,INE473T01011,Consumer Durables,"Gems, Jewellery And Watches"
Greenchef Appli.,GREENCHEF,INE0O7P01015,Consumer Durables,Household Appliances
Value 360 Commu.,VALUE360,INE1E7Y01018,Media,Advertising & Media Agencies
Mega Flex Plast.,MEGAFLEX,INE0G1D01014,Industrial Products,Packaging
Dollex Agrotech,DOLLEX,INE0JHH01011,Agricultural Food & other Products,Sugar
Vijaypd Ceutical,VIJAYPD,INE0WL901019,Electrical Equipment,Heavy Electrical Equipment
Aluwind Infra,ALUWIND,INE0STM01017,Industrial Products,"Aluminium, Copper & Zinc Products"
Jayesh Logistics,JAYESH,INE1AE401014,Transport Services,Logistics Solution Provider
KVS Castings,544554,INE163701019,Industrial Products,Castings & Forgings
Kore Digital,KDL,INE0O4R01018,Telecom - Services,Telecom - Infrastructure
Readymix Cons.,READYMIX,INE10QL01011,Construction,Civil Construction
Nephro Care,NEPHROCARE,INE0SUN01013,Healthcare Services,Hospital
Urban Enviro,URBAN,INE0O0201019,Other Utilities,Waste Management
Shigan Quantum,SHIGAN,INE03KJ01013,Auto Components,Auto Components & Equipments
Forge Auto,FORGEAUTO,INE0YKW01013,Auto Components,Auto Components & Equipments
Srivasavi Adhes.,SRIVASAVI,INE0NPI01014,Industrial Products,Other Industrial Products
Giriraj Civil,GIRIRAJ,INE614Z01017,Construction,Civil Construction
Richa Info,RICHA,INE0J1P01015,IT - Hardware,Computers Hardware & Equipments
V R Infraspace,VR,INE0QQM01017,Realty,"Residential, Commercial Projects"
Pro FX,PROFX,INE0VJT01017,Consumer Durables,Consumer Electronics
Accord Transformer,544710,INE132201018,Electrical Equipment,Heavy Electrical Equipment
Aesthetik Engi.,AESTHETIK,INE0TSF01011,Construction,Civil Construction
Winsol Engineers,WINSOL,INE0S3D01016,Construction,Civil Construction
Siddhika Coatins,SIDDHIKA,INE0A1E01018,Consumer Durables,Paints
Aztec Fluids,544177,INE0SCB01016,IT - Hardware,Computers Hardware & Equipments
Rapid Fleet,RAPIDFLEET,INE0QX901013,Transport Services,Logistics Solution Provider
Positron Energy,POSITRON,INE0S3H01017,Commercial Services & Supplies,Diversified Commercial Services
Atharva Poly-Plast,544812,INE226801012,Consumer Durables,Plastic Products - Consumer
Shyam Dhani Ind.,SHYAMDHANI,INE1CRP01016,Food Products,Other Food Products
Harshdeep Horti.,544105,INE0OLZ01015,Agricultural Food & other Products,Other Agricultural Products
Dharni Capital,543753,INE0M9Q01011,Capital Markets,Financial Products Distributor
Sheel Bio.,SHEEL,INE0YJV01017,Commercial Services & Supplies,Diversified Commercial Services
Aeron Composites,AERON,INE0WL801011,Industrial Products,Other Industrial Products
Karbonsteel Eng.,544511,INE0V8A01016,Construction,Civil Construction
Avience Biomedi.,AVIENCE,INE0V9I01017,Healthcare Equipment & Supplies,Medical Equipment & Supplies
Enser,ENSER,INE0R9I01021,IT - Services,IT Enabled Services
NSB BPO,544571,INE0SLP01017,Commercial Services & Supplies,Business Process Outsourcing (BPO)/ Knowledge Process Outsourcing (KPO)
Barflex Polyfilm,BARFLEX,INE0QX401014,Industrial Products,Packaging
Manoj Ceramic,544073,INE0A6N01026,Consumer Durables,Ceramics
Speciality Medi.,544738,INE0R0M01014,Pharmaceuticals & Biotechnology,Pharmaceuticals
Yaashvi Jewellers,544770,INE1T6L01010,Consumer Durables,"Gems, Jewellery And Watches"
Safety Controls,544746,INE0UMH01018,Construction,Civil Construction
Methodhub Software,544637,INE0QZR01017,IT - Software,Computers - Software & Consulting
GenXAI Analytics,GENXAI,INE1W0N01014,,
Canarys Automa.,CANARYS,INE0QG301017,IT - Software,Computers - Software & Consulting
Energy-Mission,EMMIL,INE0S1L01013,Industrial Manufacturing,Industrial Products
Sharvaya Metals,544506,INE0UJF01018,Industrial Products,"Aluminium, Copper & Zinc Products"
Desco Infra.,544387,INE0TGG01014,Construction,Civil Construction
Envirotech Sys.,ENVIRO,INE0SUH01015,Industrial Products,Other Industrial Products
Star Imaging,544482,INE0YG001013,Healthcare Services,Healthcare Service Provider
Crazy Snacks,544807,INE0RBX01014,Food Products,Packaged Foods
Oneindig Technologies,544852,INE0UR501013,Construction,Civil Construction
Shri Techtex,SHRITECH,INE0OMF01015,Industrial Products,Plastic Products - Industrial
Maiden Forgings,543874,INE0O1T01010,Industrial Products,Iron & Steel Products
Enfuse Solutions,ENFUSE,INE0S3X01014,IT - Services,IT Enabled Services
Rockingdeals Cir,ROCKINGDCE,INE0PTR01012,Commercial Services & Supplies,Trading & Distributors
Quest Laborato.,QUESTLAB,INE0TNW01017,Pharmaceuticals & Biotechnology,Pharmaceuticals
Focus Business,543312,INE0DXR01010,IT - Software,Computers - Software & Consulting
Avi Ansh,AVIANSH,INE0TFB01017,Textiles & Apparels,Other Textile Products
Sattva Eng.,SATTVAENGG,INE14DW01018,Other Utilities,Water Supply & Management
Alphalogic Indu,543937,INE0NZF01019,Industrial Products,Other Industrial Products
IBL Finance,IBLFL,INE0O7401018,Finance,Non Banking Financial Company (NBFC)
Gallard Steel,544616,INE0BUQ01012,Auto Components,Auto Components & Equipments
Spectrum Talent,SPECTSTM,INE0OL001018,Commercial Services & Supplies,Diversified Commercial Services
Tunwal E-Motors,TUNWAL,INE0OXV01027,Automobiles,2/3 Wheelers
Dhaval Packaging,544854,INE1HX301016,Industrial Products,Packaging
Rajputana Bio.,RAJPUTANA,INE0VHU01019,Chemicals & Petrochemicals,Petrochemicals
Esprit Stones,ESPRIT,INE0SBP01018,Consumer Durables,Granites & Marbles
Surani Steel Tub,SURANI,INE01ZJ01015,Industrial Products,Iron & Steel Products
Mahendra Realtor,MRIL,INE632Q01018,Construction,Civil Construction
Fusion Klassroom Edutech,544856,INE1LMA01010,Other Consumer Services,E-Learning
B. D. Industries,544468,INE1LJ801017,Industrial Products,Plastic Products - Industrial
Neochem Bio,NEOCHEM,INE21UM01018,Chemicals & Petrochemicals,Specialty Chemicals
Infollion Resea.,INFOLLION,INE0NNZ01013,Commercial Services & Supplies,Diversified Commercial Services
Rajputana Indu.,RAJINDLTD,INE0PCU01012,Industrial Products,"Aluminium, Copper & Zinc Products"
Ameenji Rubber,544555,INE14QA01016,Industrial Products,Rubber
SMR Jewels,544774,INE11XK01017,Consumer Durables,"Gems, Jewellery And Watches"
DSM Fresh,544568,INE0SUM01015,Food Products,Meat Products including Poultry
AVP Infracon,AVPINFRA,INE0R9401019,Construction,Civil Construction
N R Vandana,NRVANDANA,INE104101014,Textiles & Apparels,Garments & Apparels
Yashhtej Industries,544708,INE1O6P01016,Agricultural Food & other Products,Edible Oil
Shivalic Power,SPCL,INE0T7B01010,Electrical Equipment,Other Electrical Equipment
Elfin Agro India,544724,INE1FEW01013,Food Products,Other Food Products
Inflame Applian.,541083,INE464Z01017,Consumer Durables,Houseware
Telge Projects,544544,INE0SRP01014,Construction,Civil Construction
De Neers Tools,DENEERS,INE0JWV01011,Industrial Products,Iron & Steel Products
Emerald Tyre,ETML,INE0RHD01013,Auto Components,Tyres & Rubber Products
Lloyds Luxuries,LLOYDS,INE0DTQ01028,Leisure Services,Wellness
S D Retail,SDREAMS,INE0X6F01017,Textiles & Apparels,Garments & Apparels
Apollo Techno,544671,INE0X4A01013,Industrial Manufacturing,Industrial Products
Durlax Top,DURLAX,INE0OUW01013,Consumer Durables,"Furniture, Home Furnishing"
DRS Dilip Road,DRSDILIP,INE02CV01017,Transport Services,Logistics Solution Provider
Beacon Trust.,BEACON,INE639X01027,Capital Markets,"Depositories, Clearing Houses and Other Intermediaries"
Pramara Promotio,PRAMARA,INE0O7A01017,Media,Advertising & Media Agencies
Owais Metal,OWAIS,INE0R8M01017,Ferrous Metals,Ferro & Silica Manganese
Global Ocean,544665,INE1ITY01011,Transport Services,Logistics Solution Provider
Goldkart Jewels,GOLDKART,INE06MH01016,Consumer Durables,"Gems, Jewellery And Watches"
Rex Pipes&Cables,REXPIPES,INE00D001018,Industrial Products,Plastic Products - Industrial
Rappid Valves,RAPPID,INE0MVO01012,Industrial Products,Other Industrial Products
Aashka Hospitals,543346,INE0EAX01014,Healthcare Services,Hospital
Pritika Engineer,PRITIKA,INE0MJQ01020,Auto Components,Auto Components & Equipments
Fractal Industries,544707,INE1W3Q01011,Textiles & Apparels,Garments & Apparels
Justo Realfin,544542,INE0W5Q01017,Realty,Real Estate related services
Shivam Chemicals,544165,INE0SGR01013,Food Products,Animal Feed
Bhadora Indust.,BHADORA,INE0ZRC01017,Industrial Products,Cables - Electricals
HVAX Technolog.,HVAX,INE0TO501019,Construction,Civil Construction
Usha Financial,USHAFIN,INE0LS001014,Finance,Non Banking Financial Company (NBFC)
Royal Arc Ele.,ROYALARC,INE0EO401019,Industrial Products,Electrodes & Refractories
Indian Phosphate,IPHL,INE0DHF01018,Chemicals & Petrochemicals,Specialty Chemicals
On Door Concepts,ONDOOR,INE00ER01015,Retailing,Diversified Retail
Kratikal Tech,544811,INE1L0M01019,IT - Software,Computers - Software & Consulting
GSM Foils,GSMFOILS,INE0SQY01018,Industrial Products,Packaging
K. V. Toys India,544641,INE1IE301018,Consumer Durables,Leisure Products
Rikhav Securitie,544340,INE0CFH01028,Capital Markets,Stockbroking & Allied
Nikita Greentech Recycling,NIKITA,INE0FLF01015,"Paper, Forest & Jute Products",Paper & Paper Products
H. R. Hygiene,544848,INE17DP01015,Personal Products,Personal Care
Shubhshree Bio.,SHUBHSHREE,INE0UL701015,Industrial Products,Other Industrial Products
Esconet,ESCONET,INE0RQZ01017,IT - Hardware,Computers Hardware & Equipments
Anya Polytech &,ANYA,INE0SI601032,Fertilizers & Agrochemicals,Fertilizers
Bio Medica Lab,BMLL,INE1BKA01015,Pharmaceuticals & Biotechnology,Pharmaceuticals
United Heat,UHTL,INE0SMR01011,Industrial Products,Other Industrial Products
SPEB Adhesives,SPEB,INE1CW901027,Chemicals & Petrochemicals,Specialty Chemicals
Eppeltone Ene.,EEPL,INE11HF01010,Electrical Equipment,Other Electrical Equipment
Sadhav Shipping,SADHAV,INE0K5H01010,Transport Services,Shipping
Sat Kartar Life,SATKARTAR,INE0NB801022,Pharmaceuticals & Biotechnology,Pharmaceuticals
EMA Partners,EMAPARTNER,INE0ZOL01023,Commercial Services & Supplies,Diversified Commercial Services
Amba Auto Sales,AMBAAUTO,INE293601014,Automobiles,Auto Dealer
DU Digital,DUGLOBAL,INE0HPK01020,Leisure Services,"Tour, Travel Related Services"
Fidel Softech,FIDEL,INE0LQQ01019,IT - Software,Computers - Software & Consulting
Global Pet Indus,GLOBALPET,INE0PS501019,Industrial Manufacturing,Industrial Products
Earkart,544549,INE1A8F01035,Healthcare Equipment & Supplies,Medical Equipment & Supplies
Flywings Simula.,FWSTC,INE0SQZ01015,Other Consumer Services,Education
Ducol Organics,DUCOL,INE0LZO01015,Chemicals & Petrochemicals,Dyes And Pigments
Meta Infotech,544441,INE162901016,IT - Services,IT Enabled Services
RFBL Flexi Pack,RFBL,INE0V2V01015,Industrial Products,Packaging
Jay Bee Laminati,JAYBEE,INE0SMY01017,Industrial Products,Iron & Steel Products
Goldstar Power,GOLDSTAR,INE405Y01021,Auto Components,Auto Components & Equipments
Munish Forge,MUNISH,INE1K8Y01018,Industrial Products,Castings & Forgings
Quest Flow,543982,INE0OYE01013,Industrial Products,Other Industrial Products
Vaidya Sane,MADHAVBAUG,INE0JR301013,Healthcare Equipment & Supplies,Medical Equipment & Supplies
Polysil Irrigati,POLYSIL,INE517M01028,Industrial Products,Plastic Products - Industrial
Master Component,MASTER,INE0OJM01017,Industrial Products,Plastic Products - Industrial
Mother Nutri,544623,INE0UH001016,Food Products,Other Food Products
Adcounty Media.,544435,INE0W1601012,Media,Web based media and service
Adon Agro,544809,INE1SME01017,Food Products,Other Food Products
Goyal Salt,GOYALSALT,INE0QFE01017,Food Products,Other Food Products
Accretion Pha.,ACCPL,INE0T8T01010,Pharmaceuticals & Biotechnology,Pharmaceuticals
Srivari Spices &,SSFL,INE0ON201012,Food Products,Other Food Products
Current Infra.,CURRENT,INE1CRQ01014,Construction,Civil Construction
Exim Routes,EXIMROUTES,INE19I001020,"Paper, Forest & Jute Products",Paper & Paper Products
AVATAR Industries,AVATAR,INE617I01024,Auto Components,Auto Components & Equipments
Macobs Technolo.,MACOBSTECH,INE0R0J01010,Personal Products,Personal Care
Jay Jalaram Tech,KORE,INE0J6801010,Retailing,Diversified Retail
Dhara Rail Pro.,DHARARAIL,INE2HJL01019,Commercial Services & Supplies,Diversified Commercial Services
Kataria Indust.,KATARIA,INE0SVY01018,Industrial Manufacturing,Industrial Products
Nanta Tech,544668,INE0YJA01011,Consumer Durables,Consumer Electronics
Trident Techlabs,TECHLABS,INE0QD201012,IT - Software,Computers - Software & Consulting
Balaji Phos.,BALAJIPHOS,INE0PQ601019,Fertilizers & Agrochemicals,Fertilizers
Nilachal Carbo,544510,INE346R01013,Ferrous Metals,Ferro & Silica Manganese
Acetech E-Commerce,ACETEC,INE1J6M01010,Retailing,E-Retail/ E-Commerce
Infinity Infoway,544567,INE16XA01017,IT - Services,IT Enabled Services
Eleganz Interior,ELGNZ,INE0R9101015,Commercial Services & Supplies,Diversified Commercial Services
Novus Loyalty,544735,INE1TFS01019,Media,Web based media and service
Pratham EPC,PRATHAM,INE0QA601016,Construction,Civil Construction
Ramdevbaba Sol.,RBS,INE0RJH01010,Agricultural Food & other Products,Edible Oil
CapitalNumbers,544343,INE0WXM01011,IT - Software,Computers - Software & Consulting
Accretion Nutraveda,544694,INE1KVQ01019,Pharmaceuticals & Biotechnology,Pharmaceuticals
Maruti Interior,543464,INE0JSJ01014,Consumer Durables,Houseware
Shreedhar Spinners,SHREEDHAR,INE0K3301012,Textiles & Apparels,Other Textile Products
Integrated Perso,IPSL,INE02EE01019,Commercial Services & Supplies,Diversified Commercial Services
Marc Technocrats,MARC,INE0TD401015,Commercial Services & Supplies,Consulting Services
Purple Wave Info,544627,INE0VDK01019,Industrial Manufacturing,Industrial Products
Akanksha Power,AKANKSHA,INE0PCY01014,Electrical Equipment,Other Electrical Equipment
Dhariwalcorp,DHARIWAL,INE0YRN01025,Chemicals & Petrochemicals,Trading - Chemicals
Patel Chem,544460,INE161701011,Chemicals & Petrochemicals,Specialty Chemicals
Game Changers,544594,INE1GUJ01014,Textiles & Apparels,Other Textile Products
Interiors & More,INM,INE0OPC01015,Consumer Durables,"Furniture, Home Furnishing"
B.A.G. Converge.,BAGDIGITAL,INE17CQ01015,Entertainment,Digital Entertainment
Chaman Metallics,CMNL,INE06PV01010,Ferrous Metals,Sponge Iron
Silkflex Polymer,SILKFLEX,INE0STN01015,Chemicals & Petrochemicals,Specialty Chemicals
Cash UR Drive,CUDML,INE0WL201014,Media,Advertising & Media Agencies
Shivashrit Foods,SHIVASHRIT,INE1DLF01018,Food Products,Other Food Products
Suyog Gurbaxani,543391,INE07GA01011,Construction,Civil Construction
E Factor Experie,EFACTOR,INE0KFF01017,Other Consumer Services,Other Consumer Services
Innovators,541353,INE870Z01015,Industrial Manufacturing,Industrial Products
Dynamic Services,DYNAMIC,INE0DZ701010,Commercial Services & Supplies,Diversified Commercial Services
C P S Shapers,CPS,INE0QBU01012,Textiles & Apparels,Garments & Apparels
ACE Alpha Tech,544431,INE0S9X01011,IT - Software,Computers - Software & Consulting
Magson Retail,MAGSON,INE0O1S01012,Food Products,Packaged Foods
Sahaj Solar,SAHAJSOLAR,INE0P4701011,Electrical Equipment,Other Electrical Equipment
Hannah Joseph,544687,INE0JVH01012,Healthcare Services,Hospital
Chemkart India,544442,INE0VWL01017,Food Products,Other Food Products
Recode Studios,544755,INE2B6701015,Personal Products,Personal Care
BharatRohan Air.,544535,INE0QMV01017,Agricultural Food & other Products,Other Agricultural Products
ITCONS E-Soluti.,543806,INE0O6A01019,Commercial Services & Supplies,Diversified Commercial Services
P.E. Analytics,PROPEQUITY,INE0KN801013,Realty,Real Estate related services
Voler Car,VOLERCAR,INE241X01014,Transport Services,Road Transport
Clear Secured,CSSL,INE1EF801010,Commercial Services & Supplies,Diversified Commercial Services
Spunweb Nonwoven,SPUNWEB,INE19QH01010,Textiles & Apparels,Other Textile Products
Innomet Advanced,INNOMET,INE0S1D01010,Diversified Metals,Diversified Metals
Phantom Digital,PHANTOMFX,INE0MLZ01019,Entertainment,Media & Entertainment
Chatha Foods,544151,INE0AH901011,Food Products,Packaged Foods
Organic Recyclin,543997,INE0MIO01019,Other Utilities,Waste Management
Waaree Tech.,539337,INE725P01012,Power,Power Generation
Cool Caps,COOLCAPS,INE0HS001028,Industrial Products,Packaging
Active Infra.,ACTIVEINFR,INE0KLO01025,Realty,"Residential, Commercial Projects"
Admach Systems,544669,INE0XLO01010,Industrial Manufacturing,Industrial Products
Transteel Seatin,TRANSTEEL,INE0NVI01020,Consumer Durables,"Furniture, Home Furnishing"
Laxmipati Engg,537669,INE920P01019,Industrial Manufacturing,Ship Building & Allied Services
Shiv Texchem,544272,INE0YRO01015,Chemicals & Petrochemicals,Trading - Chemicals
GRE Renew,544682,INE0U8P01015,Construction,Civil Construction
MOS Utility,MOS,INE0N7S01028,Financial Technology (Fintech),Financial Technology (Fintech)
Krishca Strapp.,KRISHCA,INE0NR701018,Industrial Products,Iron & Steel Products
Metalic Technofo,METALIC,INE1II801013,Industrial Products,Iron & Steel Products
Agarwal Toughene,AGARWALTUF,INE0P8X01016,Industrial Products,Glass - Industrial
Finbud Financial,FINBUD,INE0EDU01014,Financial Technology (Fintech),Financial Technology (Fintech)
IC Electricals,ICELCO,INE0XE501015,Industrial Manufacturing,Industrial Products
Mahickra Chem.,MAHICKRA,INE961Y01015,Chemicals & Petrochemicals,Dyes And Pigments
Savy Infra,SAVY,INE0UCN01017,Construction,Civil Construction
Suba Hotels,SUBAHOTELS,INE0RYR01018,Leisure Services,Hotels & Resorts
Horizon Reclaim,544794,INE1SEO01013,Industrial Products,Rubber
All E Tech,ALLETEC,INE0M2X01012,IT - Software,Computers - Software & Consulting
Grand Continent,GCHOTELS,INE12E301017,Leisure Services,Hotels & Resorts
Aprameya Enginee,APRAMEYA,INE0LQG01010,Healthcare Equipment & Supplies,Medical Equipment & Supplies
Silverstorm Parks,544840,INE1EJ401023,Leisure Services,Amusement Parks/ Other Recreation
Grover Jewells,GJL,INE1TY801010,Consumer Durables,"Gems, Jewellery And Watches"
Wise Travel,WTICAB,INE623Y01011,Transport Services,Road Transport
Pushpa Jewellers,PUSHPA,INE154801018,Consumer Durables,"Gems, Jewellery And Watches"
Jainik Power,JAINIK,INE0XIL01012,Non - Ferrous Metals,Aluminium
Logica Infoway,543746,INE0BSU01018,Retailing,Speciality Retail
GLEN Industries,544444,INE0UMC01019,Industrial Products,Packaging
Jainam Ferro,JAINAM,INE02KC01010,Ferrous Metals,Ferro & Silica Manganese
EPW India,EPWINDIA,INE1KEC01023,IT - Hardware,Computers Hardware & Equipments
OneClick Logisti,OLIL,INE0OPS01011,Transport Services,Logistics Solution Provider
Shree Karni,SHREEKARNI,INE0S4Y01010,Textiles & Apparels,Other Textile Products
Kaka Industries,543939,INE0P3N01018,Industrial Products,Plastic Products - Industrial
RBM Infracon,RBMINFRA,INE0NA301016,Commercial Services & Supplies,Diversified Commercial Services
Ashwini Contain.,ASHWINI,INE1A6Q01010,Transport Services,Road Transport
Astonea Labs,544409,INE0TG901011,Pharmaceuticals & Biotechnology,Pharmaceuticals
SKP Bearing,SKP,INE0KZA01016,Industrial Products,Abrasives & Bearings
Yash Optics,YASHOPTICS,INE0TO601017,Consumer Durables,Diversified consumer products
Sawaliya Food,SAWALIYA,INE10VS01016,Agricultural Food & other Products,Other Agricultural Products
C K K Retail,CKKRETAIL,INE0SMX01019,Agricultural Food & other Products,Sugar
Mason Infratech,MASON,INE0SH001010,Realty,"Residential, Commercial Projects"
Supershakti Met.,541701,INE00SY01011,Industrial Products,Iron & Steel Products
Thaai,TCL,INE0QJL01014,Auto Components,Auto Components & Equipments
Bhavik Enterpris,544551,INE18PB01017,Chemicals & Petrochemicals,Trading - Chemicals
Arihant Academy,ARIHANTACA,INE0NCC01015,Other Consumer Services,Education
P S Raj Steels,PSRAJ,INE0XUS01020,Industrial Products,Iron & Steel Products
Aelea Commoditi.,544213,INE0T3401029,Agricultural Food & other Products,Other Agricultural Products
Simca Advertis.,SIMCA,INE1K4J01018,Media,Advertising & Media Agencies
Parmeshwar Metal,544330,INE0QQJ01021,Industrial Products,"Aluminium, Copper & Zinc Products"
Gayatri Rubbers,GRCL,INE0LVM01018,Industrial Products,Rubber
Techera Enginee.,TECHERA,INE0JQS01019,Aerospace & Defense,Aerospace & Defense
Pelatro,PELATRO,INE0VG601013,Media,Web based media and service
Ascom Leasing &,ASCOM,INE08KD01015,Finance,Non Banking Financial Company (NBFC)
Ushanti Colour,UCL,INE00NI01015,Chemicals & Petrochemicals,Dyes And Pigments
VVIP Infratech,544219,INE0MNP01016,Other Utilities,Waste Management
Yaap Digital,YAAP,INE0U0J01015,Media,Advertising & Media Agencies
Trident Lifeline,543616,INE0MKA01014,Pharmaceuticals & Biotechnology,Pharmaceuticals
Systango Tech,SYSTANGO,INE0O7R01011,IT - Software,Computers - Software & Consulting
Adisoft Technol.,ADISOFT,INE20PL01012,Industrial Manufacturing,Industrial Products
Felix Industries,FELIX,INE901X01013,Other Utilities,Water Supply & Management
Essen Speciality,ESFL,INE0ITO01014,Consumer Durables,Plastic Products - Consumer
Hoac Foods,HOACFOODS,INE0S6S01017,Food Products,Other Food Products
Leapfrog Engg.,544797,INE0X6O01027,Construction,Civil Construction
Purple United,PURPLEUTED,INE0P5R01014,Textiles & Apparels,Garments & Apparels
Monarch Surve.,544453,INE0V0L01028,Commercial Services & Supplies,Consulting Services
Devson Catalyst,544823,INE2KRP01017,Chemicals & Petrochemicals,Specialty Chemicals
Brandman Retail,BRANDMAN,INE0XUD01014,Consumer Durables,Footwear
Forcas Studio,FORCAS,INE0U2501017,Textiles & Apparels,Garments & Apparels
Frog Innovations,FROG,INE385O01018,Telecom -  Equipment & Accessories,Telecom -  Equipment & Accessories
Prime Cable Ind.,PRIMECAB,INE0CQA01020,Industrial Products,Cables - Electricals
Vegorama Punjabi,544765,INE1L3801017,Leisure Services,Restaurants
Avana Electrosystems,AVANA,INE1KU201016,Electrical Equipment,Heavy Electrical Equipment
Mach Travel Solutions,544248,INE0UYT01018,Other Consumer Services,Other Consumer Services
Encompass Design,ENCOMPAS,INE433T01015,Commercial Services & Supplies,Trading & Distributors
Annapurna Swadi.,ANNAPURNA,INE0MGM01017,Food Products,Packaged Foods
Infinium Pharma,INFINIUM,INE0MRE01011,Pharmaceuticals & Biotechnology,Pharmaceuticals
Shree Tirupati,TIRUPATI,INE238Y01018,Industrial Products,Plastic Products - Industrial
Akiko,AKIKO,INE0PMR01017,Finance,Other Financial Services
Teamtech Formwork,TEAMTECH,INE2OL601013,Other Construction Materials,Other Construction Materials
Hi-Green Carbon,HIGREEN,INE0PIC01017,Other Utilities,Waste Management
Sancode Tech.,543897,INE0P7001013,IT - Services,IT Enabled Services
Cospower Engine.,543172,INE0CQB01010,Industrial Manufacturing,Industrial Products
Solarium Green,544354,INE0W0H01017,Construction,Civil Construction
TIPCO Engineering,544740,INE1U6D01014,Industrial Manufacturing,Industrial Products
Apex Ecotech,APEXECO,INE0T4V01015,Other Utilities,Water Supply & Management
Clay Craft India,CLAYCRAFT,INE1QGM01024,Consumer Durables,Houseware
Madhusudan Masa,MADHUSUDAN,INE0P6701019,Food Products,Other Food Products
Optivalue Tek,OPTIVALUE,INE15B101011,IT - Services,IT Enabled Services
Creative Graphic,CGRAPHICS,INE0R7401011,Industrial Products,Other Industrial Products
Atmastco Ltd,ATMASTCO,INE05DH01017,Construction,Civil Construction
Sotefin Bharat,544832,INE12Z301012,IT - Software,Software Products
HP Telecom,HPTL,INE0VA601019,Commercial Services & Supplies,Trading & Distributors
Shreeji Global,SHETHJI,INE1FL101016,Agricultural Food & other Products,Other Agricultural Products
Taurian MPS,TAURIAN,INE0XWS01018,Industrial Manufacturing,Industrial Products
Emmforce Auto.,544166,INE0SDC01012,Auto Components,Auto Components & Equipments
Maxvolt Energy,MAXVOLT,INE10A501018,Auto Components,Auto Components & Equipments
Sheetal Univer.,SHEETAL,INE04VX01019,Agricultural Food & other Products,Other Agricultural Products
True Colors,544531,INE1LDV01015,Industrial Manufacturing,Industrial Products
Teja Engineering,TEJA,INE0R1301019,Oil,Oil Equipment & Services
Connplex Cinemas,CONNPLEX,INE0EAS01014,Entertainment,"Film Production, Distribution & Exhibition"
Virtual Galaxy,VGINFOTECH,INE0VRH01015,IT - Software,Software Products
Paradeep Pari.,544383,INE0SMW01011,Transport Services,Logistics Solution Provider
Megatherm Indu.,MEGATHERM,INE531R01010,Industrial Products,Other Industrial Products
Sugs Lloyd,544501,INE0XX801016,Electrical Equipment,Other Electrical Equipment
Pune e,544141,INE510U01018,Capital Markets,Stockbroking & Allied
Mahamaya Lifesc.,544611,INE0U9D01019,Fertilizers & Agrochemicals,Pesticides & Agrochemicals
Vishnusurya Pro.,VISHNUINFR,INE0PQ001012,Other Construction Materials,Other Construction Materials
Monika Alcobev,544451,INE0LCG01010,Beverages,Breweries & Distilleries
Shera Energy,SHERA,INE0MM001019,Industrial Products,"Aluminium, Copper & Zinc Products"
Arham Tech,ARHAM,INE0L2Y01011,Consumer Durables,Consumer Electronics
Nisus Finance,544296,INE0DQN01013,Finance,Holding Company
Committed Cargo,COMMITTED,INE597Z01014,Transport Services,Logistics Solution Provider
Sattrix Infor.,544189,INE0QUV01010,IT - Services,IT Enabled Services
Msafe Equipments,544695,INE2B5L01011,Non - Ferrous Metals,Aluminium
Neptune Pet.,NEPTUNE,INE156901014,Chemicals & Petrochemicals,Petrochemicals
Ecoline Exim,ECOLINE,INE0VBS01016,Industrial Products,Packaging
Divine Hira Jew.,DIVINEHIRA,INE0NA501011,Consumer Durables,"Gems, Jewellery And Watches"
B.R.Goyal Infra.,544335,INE00ST01011,Construction,Civil Construction
Workmates Core2,544610,INE1I1301016,IT - Software,Computers - Software & Consulting
Asarfi Hospital,543943,INE0DN001027,Healthcare Services,Hospital
Sealmatic India,543782,INE0O4601016,Industrial Products,Other Industrial Products
C2C Advanced,C2C,INE0U7V01015,Aerospace & Defense,Aerospace & Defense
TechD Cybersec.,TECHD,INE0Y5H01014,IT - Services,IT Enabled Services
Gretex Industrie,GRETEX,INE985P01012,Entertainment,Media & Entertainment
Anlon Tech,ANLON,INE0LR101013,Commercial Services & Supplies,Diversified Commercial Services
Prevest Denpro,543363,INE0GAO01018,Healthcare Equipment & Supplies,Medical Equipment & Supplies
Pajson Agro,544657,INE14LM01012,Food Products,Other Food Products
Chavda Infra Ltd,CHAVDA,INE0PT101017,Construction,Civil Construction
Patil Automation,PATILAUTOM,INE17GV01016,Industrial Manufacturing,Industrial Products
E to E Transportation,E2ERAIL,INE1CEJ01017,Construction,Civil Construction
Blue Water,BLUEWATER,INE0X3M01010,Transport Services,Logistics Solution Provider
ANB Metal,AMCL,INE0VG001016,Industrial Products,"Aluminium, Copper & Zinc Products"
JD Cables,544524,INE14VP01014,Industrial Products,Cables - Electricals
Susan Electrical,544793,INE2L0V01019,Industrial Products,Cables - Electricals
Fabtech Techn.,544332,INE0HSD01011,Industrial Manufacturing,Industrial Products
GP Eco Solutions,GPECO,INE0S7E01015,Electrical Equipment,Other Electrical Equipment
Aptus Pharma,544529,INE15XJ01010,Pharmaceuticals & Biotechnology,Pharmaceuticals
HRS Aluglaze,544656,INE1E1V01017,Industrial Manufacturing,Industrial Products
Cryogenic OGS,544440,INE0TL001013,Industrial Manufacturing,Industrial Products
S J Logistics (I,SJLOGISTIC,INE0F3301020,Transport Services,Logistics Solution Provider
Systematic Inds.,544541,INE1KLZ01011,Industrial Products,Cables - Electricals
Basilic Fly Stud,BASILIC,INE0OCC01013,Entertainment,Media & Entertainment
City Pulse Multi,542727,INE056001014,Retailing,Speciality Retail
Digilogic Systems,544684,INE1OOT01028,Aerospace & Defense,Aerospace & Defense
Australian Prem,APS,INE0P0001010,Electrical Equipment,Heavy Electrical Equipment
Ganesh Infra.,GANESHIN,INE0TVT01024,Construction,Civil Construction
Saakshi Medtech,SAAKSHI,INE0PSK01027,Electrical Equipment,Other Electrical Equipment
Supreme Power,SUPREMEPWR,INE0QHG01026,Electrical Equipment,Other Electrical Equipment
Bai-Kakaji Poly.,544670,INE1IJQ01026,Consumer Durables,Plastic Products - Consumer
Bizotic Commer.,543926,INE0OJ401014,Textiles & Apparels,Garments & Apparels
Hemant Surgical,543916,INE0GYI01028,Healthcare Equipment & Supplies,Medical Equipment & Supplies
Qualitek Labs,544091,INE0Q1R01012,Commercial Services & Supplies,Consulting Services
CLN Energy,544347,INE0WDX01010,Auto Components,Auto Components & Equipments
ABS Marine,ABSMARINE,INE0QRV01016,Transport Services,Shipping
Iware Supplych.,IWARE,INE1AII01014,Transport Services,Logistics Solution Provider
Kalyani Cast-Tec,544023,INE0N6U01018,Industrial Manufacturing,Industrial Products
Apsis Aerocom,APSISAERO,INE1OOJ01011,Aerospace & Defense,Aerospace & Defense
SK Minerals & Additives,544584,INE13YH01017,Chemicals & Petrochemicals,Specialty Chemicals
Sar Televenture,SARTELE,INE0PUC01020,Telecom - Services,Telecom - Infrastructure
Chandan Healthca,CHANDAN,INE0B2N01016,Healthcare Services,Healthcare Service Provider
Proventus Agro.,PROV,INE0ONE01016,Food Products,Other Food Products
Subam Papers,544267,INE0U6201010,Industrial Products,Packaging
L. T. Elevator,544518,INE0TJ801010,Industrial Manufacturing,Industrial Products
Sunlite Recycli.,SUNLITE,INE0U2N01013,Industrial Products,"Aluminium, Copper & Zinc Products"
Sunita Tools Ltd,544001,INE0Q1S01010,Industrial Manufacturing,Industrial Products
Beezaasan Exp.,544369,INE13VU01016,Chemicals & Petrochemicals,Explosives
Merritronix,544773,INE1RQS01010,Industrial Manufacturing,Industrial Products
Captain Techno.,540652,INE931X01010,Industrial Manufacturing,Industrial Products
PNGS Gargi FJ,543709,INE0NT601018,Consumer Durables,"Gems, Jewellery And Watches"
Namo eWaste,NAMOEWASTE,INE08NZ01012,Other Utilities,Waste Management
Exato Technologies,544626,INE1E4401010,IT - Services,IT Enabled Services
Ganesh Green,GGBL,INE0R8C01018,Electrical Equipment,Other Electrical Equipment
Neetu Yoshi,544434,INE0UZO01024,Industrial Products,Castings & Forgings
KRM Ayurveda,KRMAYURVED,INE1MTV01019,Pharmaceuticals & Biotechnology,Pharmaceuticals
Foce India,FOCE,INE0I7D01019,Consumer Durables,"Gems, Jewellery And Watches"
Influx Health.,INFLUX,INE0MYZ01012,Pharmaceuticals & Biotechnology,Pharmaceuticals
Tankup Engi.,TANKUP,INE0Z7N01017,Industrial Products,Other Industrial Products
Cellecor Gadgets,CELLECOR,INE0OMO01025,Consumer Durables,Consumer Electronics
Parth Electrical,PARTH,INE1H7V01011,Electrical Equipment,Other Electrical Equipment
Goel Construct.,544504,INE0ZOM01013,Construction,Civil Construction
Vasa Denticity,DENTALKART,INE0N5801013,Healthcare Equipment & Supplies,Medical Equipment & Supplies
RNFI Services,RNFI,INE0SA001017,Finance,Other Financial Services
OSEL Devices,OSELDEVICE,INE0RMF01018,Healthcare Equipment & Supplies,Medical Equipment & Supplies
Karnika Industri,KARNIKA,INE0MGA01012,Textiles & Apparels,Garments & Apparels
Veefin Solutions,543931,INE0Q0M01015,IT - Services,IT Enabled Services
Petro Carbon,PCCL,INE998U01015,Minerals & Mining,Industrial Minerals
Exhicon Events,543895,INE0O8901016,Other Consumer Services,Other Consumer Services
FlySBS Aviation,FLYSBS,INE0VCK01011,Transport Services,Airline
Airfloa Rail,544516,INE0XBS01012,Industrial Manufacturing,Industrial Products
Vision Infra,VIESL,INE0TR001017,Commercial Services & Supplies,Diversified Commercial Services
Z-Tech (India),ZTECH,INE0ISZ01012,Other Utilities,Waste Management
Parin Enterpris.,PARIN,INE00U801010,Consumer Durables,"Furniture, Home Furnishing"
Bright Outdoor,543831,INE0OMI01019,Media,Advertising & Media Agencies
Unified Data,544406,INE1ABX01018,IT - Services,IT Enabled Services
Baheti Recycling,BAHETI,INE029Q01017,Industrial Products,"Aluminium, Copper & Zinc Products"
Sudarshan Pharma,543828,INE00TV01023,Chemicals & Petrochemicals,Specialty Chemicals
Sahasra Electro.,SAHASRA,INE0RBQ01018,Industrial Products,Other Industrial Products
Freshara Agro,FRESHARA,INE0SFW01015,Food Products,Other Food Products
Vinsys IT Serv.,VINSYS,INE0OSJ01014,Other Consumer Services,Education
Sathlokhar Sys.,SSEGL,INE0RFP01011,Construction,Civil Construction
Sahana Systems,SAHANA,INE0LEX01011,IT - Services,IT Enabled Services
Effwa Infra,EFFWA,INE0U9101019,Other Utilities,Waste Management
Vilas Transcore,VILAS,INE0AZY01017,Industrial Products,Other Industrial Products
Shri Ahimsa,SHRIAHIMSA,INE0DM401012,Food Products,Other Food Products
Poojaa Precision Engg.,544844,INE288301026,Auto Components,Auto Components & Equipments
Tejas Cargo,TEJASCARGO,INE17WC01013,Transport Services,Logistics Solution Provider
B-Right Real,543543,INE0IZQ01016,Realty,"Residential, Commercial Projects"
Swaraj Suiting,SWARAJ,INE0GMR01016,Textiles & Apparels,Other Textile Products
Prizor Viztech,PRIZOR,INE0V9N01017,Industrial Manufacturing,Industrial Products
Remus Pharma.,REMUS,INE0O5T01011,Pharmaceuticals & Biotechnology,Pharmaceuticals
Sacheerome,SACHEEROME,INE1ARD01016,Chemicals & Petrochemicals,Specialty Chemicals
Indo SMC,544681,INE0WKY01013,Electrical Equipment,Other Electrical Equipment
TAC Infosec,TAC,INE0SOY01013,IT - Software,Computers - Software & Consulting
Emkay Tools,ETL,INE0PXC01024,Industrial Manufacturing,Industrial Products
Safe Enterprises,SAFEENTP,INE17D601016,Consumer Durables,"Furniture, Home Furnishing"
Shree Refrigerat,544458,INE0FMZ01045,Aerospace & Defense,Aerospace & Defense
M.V.K. Agro,MVKAGRO,INE0SGC01015,Agricultural Food & other Products,Sugar
Cosmic CRF,543928,INE0ORA01015,Industrial Products,Iron & Steel Products
Unihealth Hosp,UNIHEALTH,INE0PRF01011,Healthcare Services,Hospital
Utssav CZ Gold,UTSSAV,INE06IJ01010,Consumer Durables,"Gems, Jewellery And Watches"
Q-Line Biotech,QLINE,INE1G2W01011,Healthcare Equipment & Supplies,Medical Equipment & Supplies
Macfos,543787,INE0OLH01013,Retailing,E-Retail/ E-Commerce
Vivid Electromech,VIVIDEL,INE24H301028,Electrical Equipment,Other Electrical Equipment
Accent Microcell,ACCENTMIC,INE0Q5D01013,Pharmaceuticals & Biotechnology,Pharmaceuticals
Divine Power,DPEL,INE0SCO01019,Industrial Products,Cables - Electricals
Millworks Technologies,544826,INE1SRC01010,Aerospace & Defense,Aerospace & Defense
Zelio E-Mobility,544563,INE1B3501014,Automobiles,2/3 Wheelers
Rajesh Power,544291,INE0VN801010,Other Utilities,Multi Utilities
Danish Power,DANISH,INE0YU901016,Electrical Equipment,Heavy Electrical Equipment
Vinyas Innovativ,VINYAS,INE0OLS01010,Industrial Manufacturing,Industrial Products
KP Green Engg.,544150,INE0QVH01025,Electrical Equipment,Heavy Electrical Equipment
Khazanchi Jewell,543953,INE0OWC01011,Consumer Durables,"Gems, Jewellery And Watches"
Anondita Medi.,ANONDITA,INE0VTV01012,Personal Products,Personal Care
Aayush Art,540718,INE777X01017,Textiles & Apparels,Other Textile Products
OBSC Perfection,OBSCP,INE0YHV01011,Auto Components,Auto Components & Equipments
Kody Technolab,KODYTECH,INE0Q7P01013,IT - Software,Computers - Software & Consulting
Monolithisch Ind,MONOLITH,INE1DV401010,Industrial Products,Electrodes & Refractories
Alpex Solar,ALPEXSOLAR,INE0R4701017,Electrical Equipment,Other Electrical Equipment
CFF Fluid,543920,INE0NJ001013,Aerospace & Defense,Aerospace & Defense
Amic Forging,544037,INE0P9J01013,Industrial Products,Castings & Forgings
Concord Control,543619,INE0N0J01014,Industrial Manufacturing,Industrial Products
Yash Highvoltage,544310,INE00GK01023,Electrical Equipment,Other Electrical Equipment
Oriana Power Ltd,ORIANA,INE0OUT01019,Electrical Equipment,Other Electrical Equipment
Bondada Engineer,543971,INE0Q8P01029,Telecom - Services,Telecom - Infrastructure
Aimtron,AIMTRON,INE0RUV01018,Industrial Manufacturing,Industrial Products
Kesar India,543542,INE0L1C01019,Realty,"Residential, Commercial Projects"
Afcom Holdings,544224,INE0OXY01013,Transport Services,Logistics Solution Provider
V-Marc India,VMARCIND,INE0GXK01018,Industrial Products,Cables - Electricals
